timestamp,price
2026-03-01 00:00:00,47.65
2026-03-01 00:15:00,48.89
2026-03-01 00:30:00,46.03
2026-03-01 00:45:00,48.02
2026-03-01 01:00:00,49.0
2026-03-01 01:15:00,51.99
2026-03-01 01:30:00,52.77
2026-03-01 01:45:00,52.44
2026-03-01 02:00:00,51.69
2026-03-01 02:15:00,52.49
2026-03-01 02:30:00,55.51
2026-03-01 02:45:00,57.3
2026-03-01 03:00:00,53.34
2026-03-01 03:15:00,54.58
2026-03-01 03:30:00,58.1
2026-03-01 03:45:00,62.27
2026-03-01 04:00:00,53.08
2026-03-01 04:15:00,57.57
2026-03-01 04:30:00,64.38
2026-03-01 04:45:00,69.31
2026-03-01 05:00:00,64.0
2026-03-01 05:15:00,64.3
2026-03-01 05:30:00,65.13
2026-03-01 05:45:00,67.29
2026-03-01 06:00:00,60.27
2026-03-01 06:15:00,66.51
2026-03-01 06:30:00,68.75
2026-03-01 06:45:00,68.5
2026-03-01 07:00:00,68.47
2026-03-01 07:15:00,68.79
2026-03-01 07:30:00,67.35
2026-03-01 07:45:00,55.38
2026-03-01 08:00:00,66.89
2026-03-01 08:15:00,56.24
2026-03-01 08:30:00,45.77
2026-03-01 08:45:00,41.24
2026-03-01 09:00:00,45.87
2026-03-01 09:15:00,24.16
2026-03-01 09:30:00,9.79
2026-03-01 09:45:00,0.1
2026-03-01 10:00:00,0.87
2026-03-01 10:15:00,0.0
2026-03-01 10:30:00,-0.06
2026-03-01 10:45:00,-0.81
2026-03-01 11:00:00,0.01
2026-03-01 11:15:00,0.0
2026-03-01 11:30:00,-0.01
2026-03-01 11:45:00,-0.1
2026-03-01 12:00:00,-0.1
2026-03-01 12:15:00,-0.11
2026-03-01 12:30:00,-0.25
2026-03-01 12:45:00,-1.0
2026-03-01 13:00:00,-1.01
2026-03-01 13:15:00,-1.03
2026-03-01 13:30:00,-1.0
2026-03-01 13:45:00,-0.11
2026-03-01 14:00:00,-1.0
2026-03-01 14:15:00,-0.06
2026-03-01 14:30:00,0.0
2026-03-01 14:45:00,1.04
2026-03-01 15:00:00,0.0
2026-03-01 15:15:00,0.12
2026-03-01 15:30:00,33.61
2026-03-01 15:45:00,70.08
2026-03-01 16:00:00,37.31
2026-03-01 16:15:00,62.4
2026-03-01 16:30:00,94.66
2026-03-01 16:45:00,104.99
2026-03-01 17:00:00,92.01
2026-03-01 17:15:00,100.03
2026-03-01 17:30:00,110.0
2026-03-01 17:45:00,113.0
2026-03-01 18:00:00,108.05
2026-03-01 18:15:00,109.84
2026-03-01 18:30:00,113.06
2026-03-01 18:45:00,109.86
2026-03-01 19:00:00,104.64
2026-03-01 19:15:00,103.41
2026-03-01 19:30:00,100.04
2026-03-01 19:45:00,98.65
2026-03-01 20:00:00,96.04
2026-03-01 20:15:00,94.96
2026-03-01 20:30:00,89.01
2026-03-01 20:45:00,82.93
2026-03-01 21:00:00,86.77
2026-03-01 21:15:00,82.17
2026-03-01 21:30:00,80.26
2026-03-01 21:45:00,76.06
2026-03-01 22:00:00,81.11
2026-03-01 22:15:00,77.82
2026-03-01 22:30:00,73.64
2026-03-01 22:45:00,66.09
2026-03-01 23:00:00,73.88
2026-03-01 23:15:00,70.83
2026-03-01 23:30:00,68.76
2026-03-01 23:45:00,59.12
2026-03-02 00:00:00,68.0
2026-03-02 00:15:00,65.08
2026-03-02 00:30:00,65.33
2026-03-02 00:45:00,62.11
2026-03-02 01:00:00,65.0
2026-03-02 01:15:00,65.04
2026-03-02 01:30:00,67.9
2026-03-02 01:45:00,69.84
2026-03-02 02:00:00,69.66
2026-03-02 02:15:00,68.31
2026-03-02 02:30:00,69.36
2026-03-02 02:45:00,68.7
2026-03-02 03:00:00,69.72
2026-03-02 03:15:00,68.19
2026-03-02 03:30:00,68.14
2026-03-02 03:45:00,72.22
2026-03-02 04:00:00,68.29
2026-03-02 04:15:00,70.43
2026-03-02 04:30:00,76.08
2026-03-02 04:45:00,81.32
2026-03-02 05:00:00,76.4
2026-03-02 05:15:00,80.66
2026-03-02 05:30:00,87.24
2026-03-02 05:45:00,95.82
2026-03-02 06:00:00,87.15
2026-03-02 06:15:00,92.6
2026-03-02 06:30:00,107.8
2026-03-02 06:45:00,113.12
2026-03-02 07:00:00,125.4
2026-03-02 07:15:00,164.53
2026-03-02 07:30:00,142.02
2026-03-02 07:45:00,122.66
2026-03-02 08:00:00,181.0
2026-03-02 08:15:00,123.17
2026-03-02 08:30:00,108.99
2026-03-02 08:45:00,86.29
2026-03-02 09:00:00,113.91
2026-03-02 09:15:00,99.5
2026-03-02 09:30:00,85.2
2026-03-02 09:45:00,59.24
2026-03-02 10:00:00,83.85
2026-03-02 10:15:00,74.99
2026-03-02 10:30:00,68.48
2026-03-02 10:45:00,52.28
2026-03-02 11:00:00,79.32
2026-03-02 11:15:00,66.31
2026-03-02 11:30:00,48.55
2026-03-02 11:45:00,20.07
2026-03-02 12:00:00,41.88
2026-03-02 12:15:00,34.99
2026-03-02 12:30:00,22.86
2026-03-02 12:45:00,16.54
2026-03-02 13:00:00,18.47
2026-03-02 13:15:00,31.42
2026-03-02 13:30:00,46.12
2026-03-02 13:45:00,65.0
2026-03-02 14:00:00,14.89
2026-03-02 14:15:00,67.0
2026-03-02 14:30:00,83.23
2026-03-02 14:45:00,91.0
2026-03-02 15:00:00,68.16
2026-03-02 15:15:00,74.95
2026-03-02 15:30:00,87.35
2026-03-02 15:45:00,109.49
2026-03-02 16:00:00,74.89
2026-03-02 16:15:00,98.23
2026-03-02 16:30:00,114.5
2026-03-02 16:45:00,148.99
2026-03-02 17:00:00,106.37
2026-03-02 17:15:00,121.0
2026-03-02 17:30:00,174.27
2026-03-02 17:45:00,292.36
2026-03-02 18:00:00,232.16
2026-03-02 18:15:00,222.31
2026-03-02 18:30:00,158.18
2026-03-02 18:45:00,139.33
2026-03-02 19:00:00,214.01
2026-03-02 19:15:00,137.13
2026-03-02 19:30:00,118.24
2026-03-02 19:45:00,105.06
2026-03-02 20:00:00,119.51
2026-03-02 20:15:00,110.58
2026-03-02 20:30:00,100.98
2026-03-02 20:45:00,99.67
2026-03-02 21:00:00,103.2
2026-03-02 21:15:00,98.99
2026-03-02 21:30:00,94.81
2026-03-02 21:45:00,88.87
2026-03-02 22:00:00,105.0
2026-03-02 22:15:00,99.21
2026-03-02 22:30:00,93.99
2026-03-02 22:45:00,89.0
2026-03-02 23:00:00,94.0
2026-03-02 23:15:00,88.62
2026-03-02 23:30:00,87.26
2026-03-02 23:45:00,85.7
2026-03-03 00:00:00,93.28
2026-03-03 00:15:00,89.95
2026-03-03 00:30:00,87.45
2026-03-03 00:45:00,85.57
2026-03-03 01:00:00,89.85
2026-03-03 01:15:00,89.41
2026-03-03 01:30:00,90.83
2026-03-03 01:45:00,90.4
2026-03-03 02:00:00,89.61
2026-03-03 02:15:00,88.82
2026-03-03 02:30:00,89.99
2026-03-03 02:45:00,89.28
2026-03-03 03:00:00,92.92
2026-03-03 03:15:00,90.16
2026-03-03 03:30:00,94.26
2026-03-03 03:45:00,93.92
2026-03-03 04:00:00,94.9
2026-03-03 04:15:00,95.08
2026-03-03 04:30:00,95.7
2026-03-03 04:45:00,97.21
2026-03-03 05:00:00,92.8
2026-03-03 05:15:00,98.95
2026-03-03 05:30:00,105.61
2026-03-03 05:45:00,115.92
2026-03-03 06:00:00,111.58
2026-03-03 06:15:00,121.93
2026-03-03 06:30:00,130.69
2026-03-03 06:45:00,179.99
2026-03-03 07:00:00,168.3
2026-03-03 07:15:00,163.52
2026-03-03 07:30:00,160.84
2026-03-03 07:45:00,132.93
2026-03-03 08:00:00,193.91
2026-03-03 08:15:00,141.04
2026-03-03 08:30:00,120.49
2026-03-03 08:45:00,91.68
2026-03-03 09:00:00,129.0
2026-03-03 09:15:00,99.28
2026-03-03 09:30:00,89.44
2026-03-03 09:45:00,80.36
2026-03-03 10:00:00,94.76
2026-03-03 10:15:00,87.19
2026-03-03 10:30:00,79.46
2026-03-03 10:45:00,51.27
2026-03-03 11:00:00,83.05
2026-03-03 11:15:00,66.31
2026-03-03 11:30:00,44.24
2026-03-03 11:45:00,30.09
2026-03-03 12:00:00,47.04
2026-03-03 12:15:00,34.99
2026-03-03 12:30:00,25.87
2026-03-03 12:45:00,21.56
2026-03-03 13:00:00,22.62
2026-03-03 13:15:00,23.7
2026-03-03 13:30:00,39.98
2026-03-03 13:45:00,56.35
2026-03-03 14:00:00,33.02
2026-03-03 14:15:00,53.13
2026-03-03 14:30:00,78.18
2026-03-03 14:45:00,92.25
2026-03-03 15:00:00,61.98
2026-03-03 15:15:00,80.16
2026-03-03 15:30:00,91.82
2026-03-03 15:45:00,113.11
2026-03-03 16:00:00,81.82
2026-03-03 16:15:00,98.06
2026-03-03 16:30:00,115.79
2026-03-03 16:45:00,161.05
2026-03-03 17:00:00,93.61
2026-03-03 17:15:00,116.73
2026-03-03 17:30:00,177.72
2026-03-03 17:45:00,246.4
2026-03-03 18:00:00,196.3
2026-03-03 18:15:00,203.42
2026-03-03 18:30:00,219.31
2026-03-03 18:45:00,198.0
2026-03-03 19:00:00,230.04
2026-03-03 19:15:00,180.27
2026-03-03 19:30:00,157.69
2026-03-03 19:45:00,125.48
2026-03-03 20:00:00,152.29
2026-03-03 20:15:00,138.31
2026-03-03 20:30:00,122.71
2026-03-03 20:45:00,113.59
2026-03-03 21:00:00,125.49
2026-03-03 21:15:00,119.73
2026-03-03 21:30:00,115.76
2026-03-03 21:45:00,103.74
2026-03-03 22:00:00,122.36
2026-03-03 22:15:00,112.45
2026-03-03 22:30:00,108.1
2026-03-03 22:45:00,102.37
2026-03-03 23:00:00,112.06
2026-03-03 23:15:00,104.52
2026-03-03 23:30:00,104.21
2026-03-03 23:45:00,97.99
2026-03-04 00:00:00,139.94
2026-03-04 00:15:00,132.3
2026-03-04 00:30:00,126.56
2026-03-04 00:45:00,117.24
2026-03-04 01:00:00,135.58
2026-03-04 01:15:00,127.43
2026-03-04 01:30:00,125.13
2026-03-04 01:45:00,123.15
2026-03-04 02:00:00,127.11
2026-03-04 02:15:00,125.79
2026-03-04 02:30:00,124.98
2026-03-04 02:45:00,123.41
2026-03-04 03:00:00,124.81
2026-03-04 03:15:00,124.73
2026-03-04 03:30:00,124.67
2026-03-04 03:45:00,124.73
2026-03-04 04:00:00,124.74
2026-03-04 04:15:00,125.08
2026-03-04 04:30:00,130.54
2026-03-04 04:45:00,132.45
2026-03-04 05:00:00,124.28
2026-03-04 05:15:00,131.94
2026-03-04 05:30:00,140.22
2026-03-04 05:45:00,168.2
2026-03-04 06:00:00,137.03
2026-03-04 06:15:00,151.57
2026-03-04 06:30:00,211.28
2026-03-04 06:45:00,301.31
2026-03-04 07:00:00,330.86
2026-03-04 07:15:00,335.18
2026-03-04 07:30:00,226.14
2026-03-04 07:45:00,177.76
2026-03-04 08:00:00,294.22
2026-03-04 08:15:00,204.5
2026-03-04 08:30:00,151.67
2026-03-04 08:45:00,123.0
2026-03-04 09:00:00,211.29
2026-03-04 09:15:00,148.65
2026-03-04 09:30:00,134.22
2026-03-04 09:45:00,108.88
2026-03-04 10:00:00,137.81
2026-03-04 10:15:00,117.03
2026-03-04 10:30:00,104.9
2026-03-04 10:45:00,81.93
2026-03-04 11:00:00,102.48
2026-03-04 11:15:00,81.0
2026-03-04 11:30:00,77.48
2026-03-04 11:45:00,52.23
2026-03-04 12:00:00,69.97
2026-03-04 12:15:00,39.99
2026-03-04 12:30:00,34.9
2026-03-04 12:45:00,25.12
2026-03-04 13:00:00,31.75
2026-03-04 13:15:00,26.92
2026-03-04 13:30:00,33.39
2026-03-04 13:45:00,39.84
2026-03-04 14:00:00,26.37
2026-03-04 14:15:00,58.19
2026-03-04 14:30:00,79.9
2026-03-04 14:45:00,97.16
2026-03-04 15:00:00,71.17
2026-03-04 15:15:00,93.06
2026-03-04 15:30:00,101.74
2026-03-04 15:45:00,130.48
2026-03-04 16:00:00,93.37
2026-03-04 16:15:00,115.24
2026-03-04 16:30:00,137.63
2026-03-04 16:45:00,202.6
2026-03-04 17:00:00,130.71
2026-03-04 17:15:00,173.91
2026-03-04 17:30:00,243.08
2026-03-04 17:45:00,429.36
2026-03-04 18:00:00,283.32
2026-03-04 18:15:00,337.19
2026-03-04 18:30:00,343.65
2026-03-04 18:45:00,279.28
2026-03-04 19:00:00,328.64
2026-03-04 19:15:00,230.1
2026-03-04 19:30:00,214.09
2026-03-04 19:45:00,185.68
2026-03-04 20:00:00,197.34
2026-03-04 20:15:00,172.0
2026-03-04 20:30:00,159.29
2026-03-04 20:45:00,150.81
2026-03-04 21:00:00,171.64
2026-03-04 21:15:00,158.39
2026-03-04 21:30:00,147.04
2026-03-04 21:45:00,130.44
2026-03-04 22:00:00,157.04
2026-03-04 22:15:00,149.48
2026-03-04 22:30:00,139.13
2026-03-04 22:45:00,123.31
2026-03-04 23:00:00,140.0
2026-03-04 23:15:00,131.9
2026-03-04 23:30:00,119.13
2026-03-04 23:45:00,108.2
2026-03-05 00:00:00,132.01
2026-03-05 00:15:00,114.61
2026-03-05 00:30:00,110.24
2026-03-05 00:45:00,109.08
2026-03-05 01:00:00,111.79
2026-03-05 01:15:00,109.93
2026-03-05 01:30:00,109.2
2026-03-05 01:45:00,108.81
2026-03-05 02:00:00,109.51
2026-03-05 02:15:00,109.44
2026-03-05 02:30:00,109.26
2026-03-05 02:45:00,108.84
2026-03-05 03:00:00,108.79
2026-03-05 03:15:00,108.5
2026-03-05 03:30:00,108.81
2026-03-05 03:45:00,109.04
2026-03-05 04:00:00,109.69
2026-03-05 04:15:00,110.23
2026-03-05 04:30:00,109.95
2026-03-05 04:45:00,114.38
2026-03-05 05:00:00,108.6
2026-03-05 05:15:00,112.12
2026-03-05 05:30:00,137.71
2026-03-05 05:45:00,149.3
2026-03-05 06:00:00,127.73
2026-03-05 06:15:00,154.25
2026-03-05 06:30:00,166.64
2026-03-05 06:45:00,168.93
2026-03-05 07:00:00,205.1
2026-03-05 07:15:00,190.58
2026-03-05 07:30:00,160.0
2026-03-05 07:45:00,146.5
2026-03-05 08:00:00,176.43
2026-03-05 08:15:00,149.94
2026-03-05 08:30:00,130.51
2026-03-05 08:45:00,100.44
2026-03-05 09:00:00,129.17
2026-03-05 09:15:00,99.11
2026-03-05 09:30:00,89.24
2026-03-05 09:45:00,70.85
2026-03-05 10:00:00,94.41
2026-03-05 10:15:00,71.0
2026-03-05 10:30:00,59.95
2026-03-05 10:45:00,31.22
2026-03-05 11:00:00,56.78
2026-03-05 11:15:00,25.59
2026-03-05 11:30:00,9.45
2026-03-05 11:45:00,0.0
2026-03-05 12:00:00,8.49
2026-03-05 12:15:00,0.0
2026-03-05 12:30:00,0.0
2026-03-05 12:45:00,0.0
2026-03-05 13:00:00,0.0
2026-03-05 13:15:00,0.0
2026-03-05 13:30:00,1.28
2026-03-05 13:45:00,10.02
2026-03-05 14:00:00,10.08
2026-03-05 14:15:00,32.29
2026-03-05 14:30:00,39.86
2026-03-05 14:45:00,73.11
2026-03-05 15:00:00,58.43
2026-03-05 15:15:00,86.53
2026-03-05 15:30:00,96.65
2026-03-05 15:45:00,118.4
2026-03-05 16:00:00,90.3
2026-03-05 16:15:00,120.39
2026-03-05 16:30:00,144.53
2026-03-05 16:45:00,195.78
2026-03-05 17:00:00,127.89
2026-03-05 17:15:00,158.28
2026-03-05 17:30:00,190.36
2026-03-05 17:45:00,244.97
2026-03-05 18:00:00,230.09
2026-03-05 18:15:00,202.27
2026-03-05 18:30:00,176.93
2026-03-05 18:45:00,158.79
2026-03-05 19:00:00,199.15
2026-03-05 19:15:00,165.86
2026-03-05 19:30:00,152.89
2026-03-05 19:45:00,142.1
2026-03-05 20:00:00,149.04
2026-03-05 20:15:00,135.92
2026-03-05 20:30:00,131.82
2026-03-05 20:45:00,124.2
2026-03-05 21:00:00,145.9
2026-03-05 21:15:00,138.09
2026-03-05 21:30:00,126.68
2026-03-05 21:45:00,111.69
2026-03-05 22:00:00,136.58
2026-03-05 22:15:00,130.34
2026-03-05 22:30:00,128.27
2026-03-05 22:45:00,125.38
2026-03-05 23:00:00,128.68
2026-03-05 23:15:00,121.79
2026-03-05 23:30:00,118.33
2026-03-05 23:45:00,110.0
2026-03-06 00:00:00,103.2
2026-03-06 00:15:00,104.49
2026-03-06 00:30:00,104.44
2026-03-06 00:45:00,104.37
2026-03-06 01:00:00,106.23
2026-03-06 01:15:00,105.85
2026-03-06 01:30:00,106.92
2026-03-06 01:45:00,105.0
2026-03-06 02:00:00,109.38
2026-03-06 02:15:00,108.04
2026-03-06 02:30:00,108.57
2026-03-06 02:45:00,108.1
2026-03-06 03:00:00,108.83
2026-03-06 03:15:00,108.9
2026-03-06 03:30:00,109.54
2026-03-06 03:45:00,110.83
2026-03-06 04:00:00,110.74
2026-03-06 04:15:00,109.97
2026-03-06 04:30:00,118.0
2026-03-06 04:45:00,123.29
2026-03-06 05:00:00,114.22
2026-03-06 05:15:00,121.58
2026-03-06 05:30:00,133.16
2026-03-06 05:45:00,149.67
2026-03-06 06:00:00,126.43
2026-03-06 06:15:00,147.36
2026-03-06 06:30:00,161.92
2026-03-06 06:45:00,193.43
2026-03-06 07:00:00,214.51
2026-03-06 07:15:00,195.13
2026-03-06 07:30:00,168.02
2026-03-06 07:45:00,130.44
2026-03-06 08:00:00,184.37
2026-03-06 08:15:00,148.94
2026-03-06 08:30:00,121.4
2026-03-06 08:45:00,98.44
2026-03-06 09:00:00,143.53
2026-03-06 09:15:00,108.6
2026-03-06 09:30:00,103.17
2026-03-06 09:45:00,92.55
2026-03-06 10:00:00,111.98
2026-03-06 10:15:00,100.69
2026-03-06 10:30:00,96.14
2026-03-06 10:45:00,77.19
2026-03-06 11:00:00,87.31
2026-03-06 11:15:00,69.8
2026-03-06 11:30:00,63.2
2026-03-06 11:45:00,46.54
2026-03-06 12:00:00,63.13
2026-03-06 12:15:00,49.39
2026-03-06 12:30:00,51.36
2026-03-06 12:45:00,46.68
2026-03-06 13:00:00,48.25
2026-03-06 13:15:00,47.32
2026-03-06 13:30:00,46.69
2026-03-06 13:45:00,52.35
2026-03-06 14:00:00,45.71
2026-03-06 14:15:00,64.5
2026-03-06 14:30:00,84.59
2026-03-06 14:45:00,100.95
2026-03-06 15:00:00,85.26
2026-03-06 15:15:00,104.01
2026-03-06 15:30:00,105.0
2026-03-06 15:45:00,134.0
2026-03-06 16:00:00,90.86
2026-03-06 16:15:00,120.6
2026-03-06 16:30:00,138.87
2026-03-06 16:45:00,171.26
2026-03-06 17:00:00,115.48
2026-03-06 17:15:00,154.67
2026-03-06 17:30:00,190.69
2026-03-06 17:45:00,248.91
2026-03-06 18:00:00,228.15
2026-03-06 18:15:00,244.94
2026-03-06 18:30:00,230.02
2026-03-06 18:45:00,215.1
2026-03-06 19:00:00,238.11
2026-03-06 19:15:00,184.38
2026-03-06 19:30:00,170.41
2026-03-06 19:45:00,166.16
2026-03-06 20:00:00,169.76
2026-03-06 20:15:00,160.05
2026-03-06 20:30:00,153.43
2026-03-06 20:45:00,129.2
2026-03-06 21:00:00,150.39
2026-03-06 21:15:00,141.99
2026-03-06 21:30:00,128.13
2026-03-06 21:45:00,116.26
2026-03-06 22:00:00,135.86
2026-03-06 22:15:00,127.15
2026-03-06 22:30:00,126.83
2026-03-06 22:45:00,119.14
2026-03-06 23:00:00,136.43
2026-03-06 23:15:00,126.95
2026-03-06 23:30:00,124.89
2026-03-06 23:45:00,116.03
2026-03-07 00:00:00,141.31
2026-03-07 00:15:00,136.72
2026-03-07 00:30:00,132.78
2026-03-07 00:45:00,129.84
2026-03-07 01:00:00,137.61
2026-03-07 01:15:00,132.28
2026-03-07 01:30:00,128.19
2026-03-07 01:45:00,124.63
2026-03-07 02:00:00,129.76
2026-03-07 02:15:00,125.66
2026-03-07 02:30:00,124.15
2026-03-07 02:45:00,123.12
2026-03-07 03:00:00,126.49
2026-03-07 03:15:00,124.78
2026-03-07 03:30:00,123.32
2026-03-07 03:45:00,122.97
2026-03-07 04:00:00,122.97
2026-03-07 04:15:00,124.13
2026-03-07 04:30:00,124.5
2026-03-07 04:45:00,127.39
2026-03-07 05:00:00,124.77
2026-03-07 05:15:00,128.93
2026-03-07 05:30:00,129.9
2026-03-07 05:45:00,134.7
2026-03-07 06:00:00,131.43
2026-03-07 06:15:00,138.83
2026-03-07 06:30:00,141.33
2026-03-07 06:45:00,130.89
2026-03-07 07:00:00,146.26
2026-03-07 07:15:00,136.0
2026-03-07 07:30:00,129.3
2026-03-07 07:45:00,106.67
2026-03-07 08:00:00,135.98
2026-03-07 08:15:00,126.11
2026-03-07 08:30:00,104.98
2026-03-07 08:45:00,84.54
2026-03-07 09:00:00,129.03
2026-03-07 09:15:00,108.32
2026-03-07 09:30:00,95.24
2026-03-07 09:45:00,78.56
2026-03-07 10:00:00,102.42
2026-03-07 10:15:00,83.78
2026-03-07 10:30:00,73.78
2026-03-07 10:45:00,37.8
2026-03-07 11:00:00,56.54
2026-03-07 11:15:00,27.69
2026-03-07 11:30:00,19.75
2026-03-07 11:45:00,18.19
2026-03-07 12:00:00,18.51
2026-03-07 12:15:00,14.67
2026-03-07 12:30:00,10.93
2026-03-07 12:45:00,8.01
2026-03-07 13:00:00,5.04
2026-03-07 13:15:00,0.55
2026-03-07 13:30:00,0.0
2026-03-07 13:45:00,0.08
2026-03-07 14:00:00,2.78
2026-03-07 14:15:00,12.4
2026-03-07 14:30:00,23.18
2026-03-07 14:45:00,34.35
2026-03-07 15:00:00,35.15
2026-03-07 15:15:00,76.66
2026-03-07 15:30:00,95.57
2026-03-07 15:45:00,125.76
2026-03-07 16:00:00,81.22
2026-03-07 16:15:00,114.56
2026-03-07 16:30:00,144.98
2026-03-07 16:45:00,164.5
2026-03-07 17:00:00,110.63
2026-03-07 17:15:00,131.95
2026-03-07 17:30:00,150.0
2026-03-07 17:45:00,196.9
2026-03-07 18:00:00,168.19
2026-03-07 18:15:00,177.01
2026-03-07 18:30:00,193.95
2026-03-07 18:45:00,184.34
2026-03-07 19:00:00,185.27
2026-03-07 19:15:00,169.98
2026-03-07 19:30:00,163.14
2026-03-07 19:45:00,148.51
2026-03-07 20:00:00,157.71
2026-03-07 20:15:00,151.91
2026-03-07 20:30:00,145.28
2026-03-07 20:45:00,137.89
2026-03-07 21:00:00,146.51
2026-03-07 21:15:00,139.98
2026-03-07 21:30:00,135.71
2026-03-07 21:45:00,128.24
2026-03-07 22:00:00,142.12
2026-03-07 22:15:00,133.8
2026-03-07 22:30:00,130.88
2026-03-07 22:45:00,129.99
2026-03-07 23:00:00,144.1
2026-03-07 23:15:00,130.91
2026-03-07 23:30:00,126.62
2026-03-07 23:45:00,120.95
2026-03-08 00:00:00,145.71
2026-03-08 00:15:00,137.27
2026-03-08 00:30:00,131.74
2026-03-08 00:45:00,129.25
2026-03-08 01:00:00,139.38
2026-03-08 01:15:00,135.0
2026-03-08 01:30:00,130.0
2026-03-08 01:45:00,126.55
2026-03-08 02:00:00,134.0
2026-03-08 02:15:00,133.42
2026-03-08 02:30:00,130.0
2026-03-08 02:45:00,127.35
2026-03-08 03:00:00,132.52
2026-03-08 03:15:00,130.08
2026-03-08 03:30:00,130.4
2026-03-08 03:45:00,127.37
2026-03-08 04:00:00,129.37
2026-03-08 04:15:00,128.78
2026-03-08 04:30:00,129.2
2026-03-08 04:45:00,129.99
2026-03-08 05:00:00,129.84
2026-03-08 05:15:00,127.4
2026-03-08 05:30:00,129.99
2026-03-08 05:45:00,131.31
2026-03-08 06:00:00,130.54
2026-03-08 06:15:00,134.89
2026-03-08 06:30:00,130.81
2026-03-08 06:45:00,128.15
2026-03-08 07:00:00,139.06
2026-03-08 07:15:00,128.12
2026-03-08 07:30:00,108.95
2026-03-08 07:45:00,91.81
2026-03-08 08:00:00,130.65
2026-03-08 08:15:00,109.2
2026-03-08 08:30:00,104.39
2026-03-08 08:45:00,90.01
2026-03-08 09:00:00,110.99
2026-03-08 09:15:00,94.66
2026-03-08 09:30:00,86.74
2026-03-08 09:45:00,70.48
2026-03-08 10:00:00,90.75
2026-03-08 10:15:00,83.1
2026-03-08 10:30:00,47.34
2026-03-08 10:45:00,30.57
2026-03-08 11:00:00,28.6
2026-03-08 11:15:00,19.77
2026-03-08 11:30:00,14.7
2026-03-08 11:45:00,9.04
2026-03-08 12:00:00,12.95
2026-03-08 12:15:00,9.41
2026-03-08 12:30:00,9.49
2026-03-08 12:45:00,1.48
2026-03-08 13:00:00,0.0
2026-03-08 13:15:00,-0.01
2026-03-08 13:30:00,-0.01
2026-03-08 13:45:00,0.0
2026-03-08 14:00:00,0.0
2026-03-08 14:15:00,0.0
2026-03-08 14:30:00,7.46
2026-03-08 14:45:00,18.46
2026-03-08 15:00:00,15.57
2026-03-08 15:15:00,39.97
2026-03-08 15:30:00,85.74
2026-03-08 15:45:00,115.76
2026-03-08 16:00:00,70.52
2026-03-08 16:15:00,107.79
2026-03-08 16:30:00,135.77
2026-03-08 16:45:00,154.73
2026-03-08 17:00:00,120.88
2026-03-08 17:15:00,135.79
2026-03-08 17:30:00,146.34
2026-03-08 17:45:00,182.24
2026-03-08 18:00:00,154.9
2026-03-08 18:15:00,158.71
2026-03-08 18:30:00,156.64
2026-03-08 18:45:00,170.79
2026-03-08 19:00:00,160.2
2026-03-08 19:15:00,150.87
2026-03-08 19:30:00,155.14
2026-03-08 19:45:00,150.0
2026-03-08 20:00:00,150.09
2026-03-08 20:15:00,141.31
2026-03-08 20:30:00,135.78
2026-03-08 20:45:00,127.99
2026-03-08 21:00:00,137.99
2026-03-08 21:15:00,130.98
2026-03-08 21:30:00,124.38
2026-03-08 21:45:00,116.39
2026-03-08 22:00:00,129.99
2026-03-08 22:15:00,120.52
2026-03-08 22:30:00,117.65
2026-03-08 22:45:00,116.3
2026-03-08 23:00:00,119.32
2026-03-08 23:15:00,114.26
2026-03-08 23:30:00,113.8
2026-03-08 23:45:00,106.91
2026-03-09 00:00:00,121.51
2026-03-09 00:15:00,114.46
2026-03-09 00:30:00,112.75
2026-03-09 00:45:00,107.63
2026-03-09 01:00:00,111.56
2026-03-09 01:15:00,109.68
2026-03-09 01:30:00,108.68
2026-03-09 01:45:00,107.17
2026-03-09 02:00:00,108.88
2026-03-09 02:15:00,107.77
2026-03-09 02:30:00,109.87
2026-03-09 02:45:00,109.96
2026-03-09 03:00:00,109.99
2026-03-09 03:15:00,110.41
2026-03-09 03:30:00,110.4
2026-03-09 03:45:00,111.12
2026-03-09 04:00:00,113.0
2026-03-09 04:15:00,112.6
2026-03-09 04:30:00,116.12
2026-03-09 04:45:00,123.84
2026-03-09 05:00:00,112.91
2026-03-09 05:15:00,126.0
2026-03-09 05:30:00,142.3
2026-03-09 05:45:00,166.78
2026-03-09 06:00:00,140.92
2026-03-09 06:15:00,153.04
2026-03-09 06:30:00,179.27
2026-03-09 06:45:00,182.47
2026-03-09 07:00:00,218.32
2026-03-09 07:15:00,217.53
2026-03-09 07:30:00,180.47
2026-03-09 07:45:00,150.0
2026-03-09 08:00:00,227.52
2026-03-09 08:15:00,158.25
2026-03-09 08:30:00,146.82
2026-03-09 08:45:00,117.83
2026-03-09 09:00:00,160.05
2026-03-09 09:15:00,129.6
2026-03-09 09:30:00,116.29
2026-03-09 09:45:00,102.35
2026-03-09 10:00:00,116.1
2026-03-09 10:15:00,106.8
2026-03-09 10:30:00,94.36
2026-03-09 10:45:00,87.21
2026-03-09 11:00:00,90.39
2026-03-09 11:15:00,84.97
2026-03-09 11:30:00,78.64
2026-03-09 11:45:00,70.19
2026-03-09 12:00:00,69.59
2026-03-09 12:15:00,67.82
2026-03-09 12:30:00,67.25
2026-03-09 12:45:00,66.1
2026-03-09 13:00:00,63.91
2026-03-09 13:15:00,64.84
2026-03-09 13:30:00,68.37
2026-03-09 13:45:00,72.05
2026-03-09 14:00:00,65.95
2026-03-09 14:15:00,79.5
2026-03-09 14:30:00,84.57
2026-03-09 14:45:00,95.48
2026-03-09 15:00:00,91.59
2026-03-09 15:15:00,101.97
2026-03-09 15:30:00,116.07
2026-03-09 15:45:00,142.34
2026-03-09 16:00:00,100.91
2026-03-09 16:15:00,137.26
2026-03-09 16:30:00,150.58
2026-03-09 16:45:00,185.0
2026-03-09 17:00:00,127.14
2026-03-09 17:15:00,161.82
2026-03-09 17:30:00,199.53
2026-03-09 17:45:00,259.61
2026-03-09 18:00:00,226.02
2026-03-09 18:15:00,248.65
2026-03-09 18:30:00,250.83
2026-03-09 18:45:00,250.39
2026-03-09 19:00:00,248.13
2026-03-09 19:15:00,218.09
2026-03-09 19:30:00,217.77
2026-03-09 19:45:00,205.63
2026-03-09 20:00:00,217.77
2026-03-09 20:15:00,195.18
2026-03-09 20:30:00,160.56
2026-03-09 20:45:00,150.05
2026-03-09 21:00:00,170.01
2026-03-09 21:15:00,157.23
2026-03-09 21:30:00,146.7
2026-03-09 21:45:00,134.69
2026-03-09 22:00:00,155.09
2026-03-09 22:15:00,144.69
2026-03-09 22:30:00,143.12
2026-03-09 22:45:00,130.18
2026-03-09 23:00:00,139.13
2026-03-09 23:15:00,134.38
2026-03-09 23:30:00,128.0
2026-03-09 23:45:00,129.27
2026-03-10 00:00:00,149.1
2026-03-10 00:15:00,139.12
2026-03-10 00:30:00,136.02
2026-03-10 00:45:00,130.08
2026-03-10 01:00:00,135.62
2026-03-10 01:15:00,129.99
2026-03-10 01:30:00,128.35
2026-03-10 01:45:00,127.8
2026-03-10 02:00:00,128.87
2026-03-10 02:15:00,127.96
2026-03-10 02:30:00,127.79
2026-03-10 02:45:00,125.83
2026-03-10 03:00:00,125.55
2026-03-10 03:15:00,125.26
2026-03-10 03:30:00,126.81
2026-03-10 03:45:00,129.98
2026-03-10 04:00:00,122.94
2026-03-10 04:15:00,125.34
2026-03-10 04:30:00,130.62
2026-03-10 04:45:00,135.03
2026-03-10 05:00:00,126.27
2026-03-10 05:15:00,133.59
2026-03-10 05:30:00,142.94
2026-03-10 05:45:00,160.04
2026-03-10 06:00:00,140.01
2026-03-10 06:15:00,166.09
2026-03-10 06:30:00,174.62
2026-03-10 06:45:00,191.69
2026-03-10 07:00:00,193.99
2026-03-10 07:15:00,199.92
2026-03-10 07:30:00,174.03
2026-03-10 07:45:00,152.74
2026-03-10 08:00:00,227.58
2026-03-10 08:15:00,176.38
2026-03-10 08:30:00,154.99
2026-03-10 08:45:00,134.33
2026-03-10 09:00:00,176.52
2026-03-10 09:15:00,141.8
2026-03-10 09:30:00,128.18
2026-03-10 09:45:00,115.65
2026-03-10 10:00:00,145.14
2026-03-10 10:15:00,112.23
2026-03-10 10:30:00,112.01
2026-03-10 10:45:00,103.62
2026-03-10 11:00:00,117.37
2026-03-10 11:15:00,106.73
2026-03-10 11:30:00,98.7
2026-03-10 11:45:00,92.37
2026-03-10 12:00:00,96.54
2026-03-10 12:15:00,90.57
2026-03-10 12:30:00,87.66
2026-03-10 12:45:00,90.99
2026-03-10 13:00:00,93.88
2026-03-10 13:15:00,94.51
2026-03-10 13:30:00,98.63
2026-03-10 13:45:00,101.13
2026-03-10 14:00:00,101.99
2026-03-10 14:15:00,104.11
2026-03-10 14:30:00,103.92
2026-03-10 14:45:00,118.64
2026-03-10 15:00:00,109.75
2026-03-10 15:15:00,109.27
2026-03-10 15:30:00,116.27
2026-03-10 15:45:00,150.68
2026-03-10 16:00:00,107.36
2026-03-10 16:15:00,136.35
2026-03-10 16:30:00,154.15
2026-03-10 16:45:00,179.71
2026-03-10 17:00:00,132.15
2026-03-10 17:15:00,158.79
2026-03-10 17:30:00,189.5
2026-03-10 17:45:00,235.57
2026-03-10 18:00:00,201.56
2026-03-10 18:15:00,224.35
2026-03-10 18:30:00,229.88
2026-03-10 18:45:00,217.12
2026-03-10 19:00:00,237.15
2026-03-10 19:15:00,205.31
2026-03-10 19:30:00,195.06
2026-03-10 19:45:00,167.0
2026-03-10 20:00:00,175.58
2026-03-10 20:15:00,161.86
2026-03-10 20:30:00,149.87
2026-03-10 20:45:00,150.88
2026-03-10 21:00:00,154.35
2026-03-10 21:15:00,149.55
2026-03-10 21:30:00,138.39
2026-03-10 21:45:00,117.58
2026-03-10 22:00:00,139.81
2026-03-10 22:15:00,129.32
2026-03-10 22:30:00,118.78
2026-03-10 22:45:00,105.11
2026-03-10 23:00:00,120.0
2026-03-10 23:15:00,102.14
2026-03-10 23:30:00,95.29
2026-03-10 23:45:00,76.9
2026-03-11 00:00:00,92.02
2026-03-11 00:15:00,88.96
2026-03-11 00:30:00,84.57
2026-03-11 00:45:00,70.28
2026-03-11 01:00:00,80.74
2026-03-11 01:15:00,73.2
2026-03-11 01:30:00,68.7
2026-03-11 01:45:00,60.58
2026-03-11 02:00:00,68.38
2026-03-11 02:15:00,66.97
2026-03-11 02:30:00,64.0
2026-03-11 02:45:00,62.35
2026-03-11 03:00:00,65.4
2026-03-11 03:15:00,65.41
2026-03-11 03:30:00,62.91
2026-03-11 03:45:00,60.57
2026-03-11 04:00:00,57.48
2026-03-11 04:15:00,52.9
2026-03-11 04:30:00,53.51
2026-03-11 04:45:00,60.4
2026-03-11 05:00:00,59.0
2026-03-11 05:15:00,58.41
2026-03-11 05:30:00,66.42
2026-03-11 05:45:00,74.31
2026-03-11 06:00:00,56.34
2026-03-11 06:15:00,69.1
2026-03-11 06:30:00,82.02
2026-03-11 06:45:00,76.01
2026-03-11 07:00:00,91.73
2026-03-11 07:15:00,86.81
2026-03-11 07:30:00,81.9
2026-03-11 07:45:00,63.04
2026-03-11 08:00:00,89.85
2026-03-11 08:15:00,78.7
2026-03-11 08:30:00,74.46
2026-03-11 08:45:00,59.0
2026-03-11 09:00:00,81.15
2026-03-11 09:15:00,69.91
2026-03-11 09:30:00,56.49
2026-03-11 09:45:00,24.23
2026-03-11 10:00:00,56.03
2026-03-11 10:15:00,35.0
2026-03-11 10:30:00,13.78
2026-03-11 10:45:00,0.1
2026-03-11 11:00:00,23.8
2026-03-11 11:15:00,11.82
2026-03-11 11:30:00,8.26
2026-03-11 11:45:00,4.91
2026-03-11 12:00:00,7.08
2026-03-11 12:15:00,10.04
2026-03-11 12:30:00,10.1
2026-03-11 12:45:00,12.43
2026-03-11 13:00:00,4.04
2026-03-11 13:15:00,10.69
2026-03-11 13:30:00,20.0
2026-03-11 13:45:00,29.82
2026-03-11 14:00:00,24.32
2026-03-11 14:15:00,33.96
2026-03-11 14:30:00,50.81
2026-03-11 14:45:00,80.0
2026-03-11 15:00:00,52.36
2026-03-11 15:15:00,73.68
2026-03-11 15:30:00,85.7
2026-03-11 15:45:00,105.58
2026-03-11 16:00:00,69.92
2026-03-11 16:15:00,100.77
2026-03-11 16:30:00,118.19
2026-03-11 16:45:00,127.54
2026-03-11 17:00:00,105.32
2026-03-11 17:15:00,125.99
2026-03-11 17:30:00,130.52
2026-03-11 17:45:00,153.28
2026-03-11 18:00:00,138.05
2026-03-11 18:15:00,147.61
2026-03-11 18:30:00,157.62
2026-03-11 18:45:00,169.27
2026-03-11 19:00:00,154.87
2026-03-11 19:15:00,159.66
2026-03-11 19:30:00,159.56
2026-03-11 19:45:00,152.79
2026-03-11 20:00:00,149.51
2026-03-11 20:15:00,136.0
2026-03-11 20:30:00,122.68
2026-03-11 20:45:00,120.57
2026-03-11 21:00:00,132.19
2026-03-11 21:15:00,123.92
2026-03-11 21:30:00,118.83
2026-03-11 21:45:00,117.17
2026-03-11 22:00:00,124.73
2026-03-11 22:15:00,120.26
2026-03-11 22:30:00,120.18
2026-03-11 22:45:00,112.04
2026-03-11 23:00:00,121.63
2026-03-11 23:15:00,102.41
2026-03-11 23:30:00,99.99
2026-03-11 23:45:00,91.98
2026-03-12 00:00:00,110.37
2026-03-12 00:15:00,101.8
2026-03-12 00:30:00,98.44
2026-03-12 00:45:00,90.13
2026-03-12 01:00:00,99.67
2026-03-12 01:15:00,89.98
2026-03-12 01:30:00,90.44
2026-03-12 01:45:00,88.08
2026-03-12 02:00:00,89.82
2026-03-12 02:15:00,86.43
2026-03-12 02:30:00,89.09
2026-03-12 02:45:00,89.91
2026-03-12 03:00:00,91.21
2026-03-12 03:15:00,89.89
2026-03-12 03:30:00,87.4
2026-03-12 03:45:00,85.94
2026-03-12 04:00:00,92.93
2026-03-12 04:15:00,88.49
2026-03-12 04:30:00,88.5
2026-03-12 04:45:00,88.73
2026-03-12 05:00:00,91.27
2026-03-12 05:15:00,88.5
2026-03-12 05:30:00,101.06
2026-03-12 05:45:00,118.46
2026-03-12 06:00:00,109.44
2026-03-12 06:15:00,126.31
2026-03-12 06:30:00,139.66
2026-03-12 06:45:00,147.26
2026-03-12 07:00:00,151.64
2026-03-12 07:15:00,143.11
2026-03-12 07:30:00,139.45
2026-03-12 07:45:00,114.36
2026-03-12 08:00:00,134.43
2026-03-12 08:15:00,109.44
2026-03-12 08:30:00,101.0
2026-03-12 08:45:00,74.35
2026-03-12 09:00:00,115.21
2026-03-12 09:15:00,88.88
2026-03-12 09:30:00,65.91
2026-03-12 09:45:00,49.99
2026-03-12 10:00:00,73.06
2026-03-12 10:15:00,29.86
2026-03-12 10:30:00,8.86
2026-03-12 10:45:00,2.12
2026-03-12 11:00:00,2.33
2026-03-12 11:15:00,0.0
2026-03-12 11:30:00,-0.04
2026-03-12 11:45:00,-0.92
2026-03-12 12:00:00,-0.61
2026-03-12 12:15:00,-1.0
2026-03-12 12:30:00,-1.09
2026-03-12 12:45:00,-1.67
2026-03-12 13:00:00,-1.83
2026-03-12 13:15:00,-2.2
2026-03-12 13:30:00,-2.94
2026-03-12 13:45:00,-3.0
2026-03-12 14:00:00,-1.72
2026-03-12 14:15:00,-1.32
2026-03-12 14:30:00,-0.56
2026-03-12 14:45:00,-0.01
2026-03-12 15:00:00,0.0
2026-03-12 15:15:00,0.1
2026-03-12 15:30:00,4.01
2026-03-12 15:45:00,10.29
2026-03-12 16:00:00,10.03
2026-03-12 16:15:00,35.6
2026-03-12 16:30:00,62.0
2026-03-12 16:45:00,97.03
2026-03-12 17:00:00,67.62
2026-03-12 17:15:00,93.35
2026-03-12 17:30:00,109.01
2026-03-12 17:45:00,164.33
2026-03-12 18:00:00,120.33
2026-03-12 18:15:00,117.67
2026-03-12 18:30:00,110.97
2026-03-12 18:45:00,110.49
2026-03-12 19:00:00,119.65
2026-03-12 19:15:00,110.62
2026-03-12 19:30:00,99.81
2026-03-12 19:45:00,93.91
2026-03-12 20:00:00,97.66
2026-03-12 20:15:00,86.91
2026-03-12 20:30:00,81.83
2026-03-12 20:45:00,79.88
2026-03-12 21:00:00,78.54
2026-03-12 21:15:00,79.31
2026-03-12 21:30:00,68.28
2026-03-12 21:45:00,53.03
2026-03-12 22:00:00,83.08
2026-03-12 22:15:00,67.31
2026-03-12 22:30:00,59.97
2026-03-12 22:45:00,39.86
2026-03-12 23:00:00,24.2
2026-03-12 23:15:00,19.88
2026-03-12 23:30:00,17.43
2026-03-12 23:45:00,10.1
2026-03-13 00:00:00,9.43
2026-03-13 00:15:00,8.87
2026-03-13 00:30:00,4.28
2026-03-13 00:45:00,2.58
2026-03-13 01:00:00,6.7
2026-03-13 01:15:00,3.58
2026-03-13 01:30:00,2.55
2026-03-13 01:45:00,3.58
2026-03-13 02:00:00,4.67
2026-03-13 02:15:00,2.4
2026-03-13 02:30:00,2.32
2026-03-13 02:45:00,2.16
2026-03-13 03:00:00,2.33
2026-03-13 03:15:00,1.62
2026-03-13 03:30:00,0.54
2026-03-13 03:45:00,0.1
2026-03-13 04:00:00,1.59
2026-03-13 04:15:00,1.0
2026-03-13 04:30:00,1.6
2026-03-13 04:45:00,1.65
2026-03-13 05:00:00,1.61
2026-03-13 05:15:00,1.63
2026-03-13 05:30:00,4.09
2026-03-13 05:45:00,4.3
2026-03-13 06:00:00,4.28
2026-03-13 06:15:00,9.46
2026-03-13 06:30:00,10.03
2026-03-13 06:45:00,10.07
2026-03-13 07:00:00,21.61
2026-03-13 07:15:00,24.24
2026-03-13 07:30:00,21.49
2026-03-13 07:45:00,12.41
2026-03-13 08:00:00,17.16
2026-03-13 08:15:00,4.99
2026-03-13 08:30:00,3.51
2026-03-13 08:45:00,0.0
2026-03-13 09:00:00,0.1
2026-03-13 09:15:00,-0.01
2026-03-13 09:30:00,-0.04
2026-03-13 09:45:00,-1.01
2026-03-13 10:00:00,-2.0
2026-03-13 10:15:00,-4.58
2026-03-13 10:30:00,-5.13
2026-03-13 10:45:00,-8.28
2026-03-13 11:00:00,-8.13
2026-03-13 11:15:00,-8.19
2026-03-13 11:30:00,-9.91
2026-03-13 11:45:00,-9.77
2026-03-13 12:00:00,-9.92
2026-03-13 12:15:00,-9.37
2026-03-13 12:30:00,-7.32
2026-03-13 12:45:00,-6.78
2026-03-13 13:00:00,-4.61
2026-03-13 13:15:00,-2.72
2026-03-13 13:30:00,-1.88
2026-03-13 13:45:00,-1.0
2026-03-13 14:00:00,-0.92
2026-03-13 14:15:00,-0.01
2026-03-13 14:30:00,0.01
2026-03-13 14:45:00,5.61
2026-03-13 15:00:00,4.5
2026-03-13 15:15:00,13.38
2026-03-13 15:30:00,53.6
2026-03-13 15:45:00,116.8
2026-03-13 16:00:00,41.59
2026-03-13 16:15:00,85.68
2026-03-13 16:30:00,127.6
2026-03-13 16:45:00,150.37
2026-03-13 17:00:00,115.04
2026-03-13 17:15:00,131.01
2026-03-13 17:30:00,151.01
2026-03-13 17:45:00,170.66
2026-03-13 18:00:00,136.42
2026-03-13 18:15:00,155.37
2026-03-13 18:30:00,169.18
2026-03-13 18:45:00,185.0
2026-03-13 19:00:00,175.66
2026-03-13 19:15:00,172.98
2026-03-13 19:30:00,165.34
2026-03-13 19:45:00,149.0
2026-03-13 20:00:00,164.09
2026-03-13 20:15:00,151.0
2026-03-13 20:30:00,138.37
2026-03-13 20:45:00,129.43
2026-03-13 21:00:00,145.64
2026-03-13 21:15:00,135.4
2026-03-13 21:30:00,124.2
2026-03-13 21:45:00,116.1
2026-03-13 22:00:00,131.67
2026-03-13 22:15:00,120.67
2026-03-13 22:30:00,124.5
2026-03-13 22:45:00,116.85
2026-03-13 23:00:00,133.69
2026-03-13 23:15:00,113.09
2026-03-13 23:30:00,113.1
2026-03-13 23:45:00,103.35
2026-03-14 00:00:00,123.83
2026-03-14 00:15:00,120.22
2026-03-14 00:30:00,105.47
2026-03-14 00:45:00,102.26
2026-03-14 01:00:00,112.41
2026-03-14 01:15:00,109.69
2026-03-14 01:30:00,108.35
2026-03-14 01:45:00,105.83
2026-03-14 02:00:00,106.25
2026-03-14 02:15:00,104.17
2026-03-14 02:30:00,103.37
2026-03-14 02:45:00,102.17
2026-03-14 03:00:00,99.34
2026-03-14 03:15:00,101.81
2026-03-14 03:30:00,102.81
2026-03-14 03:45:00,103.49
2026-03-14 04:00:00,103.21
2026-03-14 04:15:00,103.2
2026-03-14 04:30:00,106.31
2026-03-14 04:45:00,107.74
2026-03-14 05:00:00,104.51
2026-03-14 05:15:00,107.38
2026-03-14 05:30:00,110.38
2026-03-14 05:45:00,114.0
2026-03-14 06:00:00,106.27
2026-03-14 06:15:00,111.38
2026-03-14 06:30:00,113.51
2026-03-14 06:45:00,114.92
2026-03-14 07:00:00,119.69
2026-03-14 07:15:00,115.9
2026-03-14 07:30:00,115.74
2026-03-14 07:45:00,115.5
2026-03-14 08:00:00,122.0
2026-03-14 08:15:00,121.94
2026-03-14 08:30:00,121.99
2026-03-14 08:45:00,121.59
2026-03-14 09:00:00,120.05
2026-03-14 09:15:00,120.02
2026-03-14 09:30:00,116.49
2026-03-14 09:45:00,108.0
2026-03-14 10:00:00,112.26
2026-03-14 10:15:00,108.7
2026-03-14 10:30:00,105.86
2026-03-14 10:45:00,103.27
2026-03-14 11:00:00,103.75
2026-03-14 11:15:00,101.62
2026-03-14 11:30:00,103.7
2026-03-14 11:45:00,105.03
2026-03-14 12:00:00,104.56
2026-03-14 12:15:00,104.07
2026-03-14 12:30:00,104.54
2026-03-14 12:45:00,103.61
2026-03-14 13:00:00,105.13
2026-03-14 13:15:00,105.07
2026-03-14 13:30:00,101.66
2026-03-14 13:45:00,101.86
2026-03-14 14:00:00,103.78
2026-03-14 14:15:00,104.87
2026-03-14 14:30:00,105.39
2026-03-14 14:45:00,108.67
2026-03-14 15:00:00,101.07
2026-03-14 15:15:00,113.99
2026-03-14 15:30:00,120.28
2026-03-14 15:45:00,121.54
2026-03-14 16:00:00,120.07
2026-03-14 16:15:00,121.31
2026-03-14 16:30:00,131.96
2026-03-14 16:45:00,146.66
2026-03-14 17:00:00,116.17
2026-03-14 17:15:00,131.88
2026-03-14 17:30:00,142.46
2026-03-14 17:45:00,164.09
2026-03-14 18:00:00,140.0
2026-03-14 18:15:00,148.41
2026-03-14 18:30:00,172.56
2026-03-14 18:45:00,183.43
2026-03-14 19:00:00,183.48
2026-03-14 19:15:00,178.34
2026-03-14 19:30:00,165.51
2026-03-14 19:45:00,152.01
2026-03-14 20:00:00,176.36
2026-03-14 20:15:00,156.19
2026-03-14 20:30:00,139.97
2026-03-14 20:45:00,128.54
2026-03-14 21:00:00,140.0
2026-03-14 21:15:00,133.54
2026-03-14 21:30:00,140.4
2026-03-14 21:45:00,135.87
2026-03-14 22:00:00,139.53
2026-03-14 22:15:00,132.99
2026-03-14 22:30:00,139.81
2026-03-14 22:45:00,128.62
2026-03-14 23:00:00,139.61
2026-03-14 23:15:00,128.82
2026-03-14 23:30:00,127.35
2026-03-14 23:45:00,116.4
2026-03-15 00:00:00,144.99
2026-03-15 00:15:00,143.94
2026-03-15 00:30:00,136.01
2026-03-15 00:45:00,124.43
2026-03-15 01:00:00,140.58
2026-03-15 01:15:00,135.52
2026-03-15 01:30:00,132.83
2026-03-15 01:45:00,125.99
2026-03-15 02:00:00,133.37
2026-03-15 02:15:00,127.08
2026-03-15 02:30:00,120.22
2026-03-15 02:45:00,119.17
2026-03-15 03:00:00,119.75
2026-03-15 03:15:00,120.8
2026-03-15 03:30:00,125.71
2026-03-15 03:45:00,127.85
2026-03-15 04:00:00,120.0
2026-03-15 04:15:00,121.05
2026-03-15 04:30:00,122.67
2026-03-15 04:45:00,124.99
2026-03-15 05:00:00,120.71
2026-03-15 05:15:00,120.98
2026-03-15 05:30:00,125.8
2026-03-15 05:45:00,128.99
2026-03-15 06:00:00,121.4
2026-03-15 06:15:00,127.2
2026-03-15 06:30:00,127.21
2026-03-15 06:45:00,121.74
2026-03-15 07:00:00,130.41
2026-03-15 07:15:00,118.99
2026-03-15 07:30:00,117.43
2026-03-15 07:45:00,107.01
2026-03-15 08:00:00,136.0
2026-03-15 08:15:00,114.39
2026-03-15 08:30:00,100.0
2026-03-15 08:45:00,85.99
2026-03-15 09:00:00,105.78
2026-03-15 09:15:00,97.74
2026-03-15 09:30:00,89.27
2026-03-15 09:45:00,86.29
2026-03-15 10:00:00,95.93
2026-03-15 10:15:00,90.28
2026-03-15 10:30:00,85.95
2026-03-15 10:45:00,77.06
2026-03-15 11:00:00,88.58
2026-03-15 11:15:00,83.48
2026-03-15 11:30:00,66.66
2026-03-15 11:45:00,50.12
2026-03-15 12:00:00,76.03
2026-03-15 12:15:00,58.34
2026-03-15 12:30:00,43.95
2026-03-15 12:45:00,33.55
2026-03-15 13:00:00,46.14
2026-03-15 13:15:00,40.17
2026-03-15 13:30:00,31.34
2026-03-15 13:45:00,28.18
2026-03-15 14:00:00,25.71
2026-03-15 14:15:00,31.24
2026-03-15 14:30:00,39.98
2026-03-15 14:45:00,51.86
2026-03-15 15:00:00,49.28
2026-03-15 15:15:00,52.55
2026-03-15 15:30:00,66.47
2026-03-15 15:45:00,84.01
2026-03-15 16:00:00,54.5
2026-03-15 16:15:00,83.48
2026-03-15 16:30:00,97.76
2026-03-15 16:45:00,121.24
2026-03-15 17:00:00,101.0
2026-03-15 17:15:00,121.34
2026-03-15 17:30:00,136.57
2026-03-15 17:45:00,152.74
2026-03-15 18:00:00,141.86
2026-03-15 18:15:00,145.47
2026-03-15 18:30:00,154.08
2026-03-15 18:45:00,155.05
2026-03-15 19:00:00,150.6
2026-03-15 19:15:00,135.99
2026-03-15 19:30:00,123.66
2026-03-15 19:45:00,117.23
2026-03-15 20:00:00,119.46
2026-03-15 20:15:00,113.76
2026-03-15 20:30:00,110.32
2026-03-15 20:45:00,90.39
2026-03-15 21:00:00,108.22
2026-03-15 21:15:00,90.13
2026-03-15 21:30:00,91.68
2026-03-15 21:45:00,77.47
2026-03-15 22:00:00,90.05
2026-03-15 22:15:00,89.66
2026-03-15 22:30:00,80.33
2026-03-15 22:45:00,71.41
2026-03-15 23:00:00,83.8
2026-03-15 23:15:00,68.35
2026-03-15 23:30:00,62.77
2026-03-15 23:45:00,41.14
2026-03-16 00:00:00,59.87
2026-03-16 00:15:00,42.69
2026-03-16 00:30:00,21.62
2026-03-16 00:45:00,12.48
2026-03-16 01:00:00,36.12
2026-03-16 01:15:00,23.33
2026-03-16 01:30:00,16.91
2026-03-16 01:45:00,16.95
2026-03-16 02:00:00,24.5
2026-03-16 02:15:00,18.43
2026-03-16 02:30:00,15.5
2026-03-16 02:45:00,11.93
2026-03-16 03:00:00,13.07
2026-03-16 03:15:00,11.48
2026-03-16 03:30:00,15.01
2026-03-16 03:45:00,16.99
2026-03-16 04:00:00,12.43
2026-03-16 04:15:00,16.95
2026-03-16 04:30:00,22.02
2026-03-16 04:45:00,28.83
2026-03-16 05:00:00,20.06
2026-03-16 05:15:00,30.11
2026-03-16 05:30:00,39.52
2026-03-16 05:45:00,60.02
2026-03-16 06:00:00,36.73
2026-03-16 06:15:00,62.31
2026-03-16 06:30:00,81.71
2026-03-16 06:45:00,84.01
2026-03-16 07:00:00,98.03
2026-03-16 07:15:00,96.24
2026-03-16 07:30:00,96.63
2026-03-16 07:45:00,91.37
2026-03-16 08:00:00,117.85
2026-03-16 08:15:00,99.82
2026-03-16 08:30:00,89.39
2026-03-16 08:45:00,76.85
2026-03-16 09:00:00,99.64
2026-03-16 09:15:00,82.83
2026-03-16 09:30:00,64.24
2026-03-16 09:45:00,45.71
2026-03-16 10:00:00,62.47
2026-03-16 10:15:00,52.06
2026-03-16 10:30:00,35.88
2026-03-16 10:45:00,19.97
2026-03-16 11:00:00,22.52
2026-03-16 11:15:00,15.62
2026-03-16 11:30:00,14.36
2026-03-16 11:45:00,16.96
2026-03-16 12:00:00,15.08
2026-03-16 12:15:00,11.15
2026-03-16 12:30:00,11.86
2026-03-16 12:45:00,10.05
2026-03-16 13:00:00,10.05
2026-03-16 13:15:00,10.87
2026-03-16 13:30:00,17.0
2026-03-16 13:45:00,25.6
2026-03-16 14:00:00,18.44
2026-03-16 14:15:00,31.06
2026-03-16 14:30:00,56.27
2026-03-16 14:45:00,62.92
2026-03-16 15:00:00,29.17
2026-03-16 15:15:00,40.76
2026-03-16 15:30:00,75.0
2026-03-16 15:45:00,112.85
2026-03-16 16:00:00,53.72
2026-03-16 16:15:00,87.99
2026-03-16 16:30:00,130.87
2026-03-16 16:45:00,152.26
2026-03-16 17:00:00,98.51
2026-03-16 17:15:00,127.53
2026-03-16 17:30:00,148.6
2026-03-16 17:45:00,179.77
2026-03-16 18:00:00,145.0
2026-03-16 18:15:00,157.17
2026-03-16 18:30:00,173.43
2026-03-16 18:45:00,184.54
2026-03-16 19:00:00,179.72
2026-03-16 19:15:00,179.92
2026-03-16 19:30:00,179.97
2026-03-16 19:45:00,179.94
2026-03-16 20:00:00,182.64
2026-03-16 20:15:00,163.16
2026-03-16 20:30:00,143.41
2026-03-16 20:45:00,129.93
2026-03-16 21:00:00,142.36
2026-03-16 21:15:00,128.29
2026-03-16 21:30:00,120.54
2026-03-16 21:45:00,111.66
2026-03-16 22:00:00,130.38
2026-03-16 22:15:00,124.2
2026-03-16 22:30:00,123.82
2026-03-16 22:45:00,109.25
2026-03-16 23:00:00,111.67
2026-03-16 23:15:00,103.31
2026-03-16 23:30:00,95.0
2026-03-16 23:45:00,89.08
2026-03-17 00:00:00,132.74
2026-03-17 00:15:00,113.4
2026-03-17 00:30:00,105.6
2026-03-17 00:45:00,102.92
2026-03-17 01:00:00,106.31
2026-03-17 01:15:00,105.9
2026-03-17 01:30:00,106.04
2026-03-17 01:45:00,104.09
2026-03-17 02:00:00,107.47
2026-03-17 02:15:00,107.4
2026-03-17 02:30:00,106.07
2026-03-17 02:45:00,104.75
2026-03-17 03:00:00,106.0
2026-03-17 03:15:00,106.23
2026-03-17 03:30:00,107.3
2026-03-17 03:45:00,106.56
2026-03-17 04:00:00,110.82
2026-03-17 04:15:00,109.33
2026-03-17 04:30:00,109.02
2026-03-17 04:45:00,110.95
2026-03-17 05:00:00,107.87
2026-03-17 05:15:00,109.99
2026-03-17 05:30:00,123.6
2026-03-17 05:45:00,138.2
2026-03-17 06:00:00,131.8
2026-03-17 06:15:00,144.0
2026-03-17 06:30:00,153.52
2026-03-17 06:45:00,162.54
2026-03-17 07:00:00,173.97
2026-03-17 07:15:00,173.88
2026-03-17 07:30:00,174.17
2026-03-17 07:45:00,149.9
2026-03-17 08:00:00,192.66
2026-03-17 08:15:00,160.19
2026-03-17 08:30:00,140.16
2026-03-17 08:45:00,117.04
2026-03-17 09:00:00,149.95
2026-03-17 09:15:00,127.09
2026-03-17 09:30:00,112.07
2026-03-17 09:45:00,107.18
2026-03-17 10:00:00,130.97
2026-03-17 10:15:00,104.59
2026-03-17 10:30:00,98.41
2026-03-17 10:45:00,100.59
2026-03-17 11:00:00,103.19
2026-03-17 11:15:00,99.0
2026-03-17 11:30:00,97.64
2026-03-17 11:45:00,102.77
2026-03-17 12:00:00,95.36
2026-03-17 12:15:00,95.3
2026-03-17 12:30:00,95.32
2026-03-17 12:45:00,94.93
2026-03-17 13:00:00,97.0
2026-03-17 13:15:00,97.11
2026-03-17 13:30:00,95.99
2026-03-17 13:45:00,96.96
2026-03-17 14:00:00,96.62
2026-03-17 14:15:00,100.26
2026-03-17 14:30:00,98.63
2026-03-17 14:45:00,101.79
2026-03-17 15:00:00,99.67
2026-03-17 15:15:00,105.55
2026-03-17 15:30:00,115.85
2026-03-17 15:45:00,127.36
2026-03-17 16:00:00,111.7
2026-03-17 16:15:00,124.41
2026-03-17 16:30:00,136.44
2026-03-17 16:45:00,154.56
2026-03-17 17:00:00,128.04
2026-03-17 17:15:00,146.71
2026-03-17 17:30:00,163.18
2026-03-17 17:45:00,210.88
2026-03-17 18:00:00,191.32
2026-03-17 18:15:00,211.88
2026-03-17 18:30:00,214.99
2026-03-17 18:45:00,211.0
2026-03-17 19:00:00,213.68
2026-03-17 19:15:00,179.15
2026-03-17 19:30:00,145.91
2026-03-17 19:45:00,142.79
2026-03-17 20:00:00,163.42
2026-03-17 20:15:00,145.11
2026-03-17 20:30:00,138.16
2026-03-17 20:45:00,130.26
2026-03-17 21:00:00,145.27
2026-03-17 21:15:00,135.27
2026-03-17 21:30:00,126.53
2026-03-17 21:45:00,112.09
2026-03-17 22:00:00,133.69
2026-03-17 22:15:00,119.28
2026-03-17 22:30:00,105.7
2026-03-17 22:45:00,98.29
2026-03-17 23:00:00,108.21
2026-03-17 23:15:00,101.67
2026-03-17 23:30:00,98.12
2026-03-17 23:45:00,93.83
2026-03-18 00:00:00,95.7
2026-03-18 00:15:00,88.9
2026-03-18 00:30:00,87.39
2026-03-18 00:45:00,87.21
2026-03-18 01:00:00,89.64
2026-03-18 01:15:00,86.64
2026-03-18 01:30:00,85.83
2026-03-18 01:45:00,84.8
2026-03-18 02:00:00,86.58
2026-03-18 02:15:00,85.39
2026-03-18 02:30:00,85.27
2026-03-18 02:45:00,85.5
2026-03-18 03:00:00,86.15
2026-03-18 03:15:00,86.5
2026-03-18 03:30:00,87.09
2026-03-18 03:45:00,87.73
2026-03-18 04:00:00,87.93
2026-03-18 04:15:00,88.88
2026-03-18 04:30:00,89.06
2026-03-18 04:45:00,89.47
2026-03-18 05:00:00,89.0
2026-03-18 05:15:00,91.52
2026-03-18 05:30:00,102.84
2026-03-18 05:45:00,116.86
2026-03-18 06:00:00,112.58
2026-03-18 06:15:00,130.68
2026-03-18 06:30:00,137.42
2026-03-18 06:45:00,142.28
2026-03-18 07:00:00,150.2
2026-03-18 07:15:00,148.81
2026-03-18 07:30:00,132.01
2026-03-18 07:45:00,103.35
2026-03-18 08:00:00,131.43
2026-03-18 08:15:00,106.9
2026-03-18 08:30:00,87.69
2026-03-18 08:45:00,73.73
2026-03-18 09:00:00,99.91
2026-03-18 09:15:00,81.06
2026-03-18 09:30:00,57.31
2026-03-18 09:45:00,13.52
2026-03-18 10:00:00,37.56
2026-03-18 10:15:00,3.45
2026-03-18 10:30:00,-0.01
2026-03-18 10:45:00,-1.01
2026-03-18 11:00:00,-0.06
2026-03-18 11:15:00,-1.85
2026-03-18 11:30:00,-2.21
2026-03-18 11:45:00,-2.36
2026-03-18 12:00:00,-2.08
2026-03-18 12:15:00,-2.51
2026-03-18 12:30:00,-2.32
2026-03-18 12:45:00,-2.33
2026-03-18 13:00:00,-3.32
2026-03-18 13:15:00,-3.3
2026-03-18 13:30:00,-3.11
2026-03-18 13:45:00,-1.12
2026-03-18 14:00:00,-1.01
2026-03-18 14:15:00,-0.47
2026-03-18 14:30:00,-0.01
2026-03-18 14:45:00,2.38
2026-03-18 15:00:00,3.32
2026-03-18 15:15:00,13.98
2026-03-18 15:30:00,71.27
2026-03-18 15:45:00,100.21
2026-03-18 16:00:00,65.39
2026-03-18 16:15:00,93.91
2026-03-18 16:30:00,124.98
2026-03-18 16:45:00,143.85
2026-03-18 17:00:00,101.5
2026-03-18 17:15:00,135.89
2026-03-18 17:30:00,159.28
2026-03-18 17:45:00,184.18
2026-03-18 18:00:00,163.03
2026-03-18 18:15:00,176.81
2026-03-18 18:30:00,185.72
2026-03-18 18:45:00,184.93
2026-03-18 19:00:00,192.59
2026-03-18 19:15:00,180.55
2026-03-18 19:30:00,165.4
2026-03-18 19:45:00,142.25
2026-03-18 20:00:00,164.64
2026-03-18 20:15:00,152.01
2026-03-18 20:30:00,141.73
2026-03-18 20:45:00,135.58
2026-03-18 21:00:00,144.97
2026-03-18 21:15:00,138.95
2026-03-18 21:30:00,128.12
2026-03-18 21:45:00,116.19
2026-03-18 22:00:00,136.99
2026-03-18 22:15:00,126.01
2026-03-18 22:30:00,118.13
2026-03-18 22:45:00,113.97
2026-03-18 23:00:00,123.2
2026-03-18 23:15:00,112.63
2026-03-18 23:30:00,111.5
2026-03-18 23:45:00,106.17
2026-03-19 00:00:00,113.04
2026-03-19 00:15:00,108.77
2026-03-19 00:30:00,108.2
2026-03-19 00:45:00,106.99
2026-03-19 01:00:00,112.76
2026-03-19 01:15:00,111.73
2026-03-19 01:30:00,112.85
2026-03-19 01:45:00,113.22
2026-03-19 02:00:00,113.66
2026-03-19 02:15:00,112.79
2026-03-19 02:30:00,113.93
2026-03-19 02:45:00,115.59
2026-03-19 03:00:00,110.05
2026-03-19 03:15:00,112.73
2026-03-19 03:30:00,117.97
2026-03-19 03:45:00,121.35
2026-03-19 04:00:00,120.2
2026-03-19 04:15:00,121.82
2026-03-19 04:30:00,123.98
2026-03-19 04:45:00,127.1
2026-03-19 05:00:00,122.34
2026-03-19 05:15:00,128.14
2026-03-19 05:30:00,132.29
2026-03-19 05:45:00,148.35
2026-03-19 06:00:00,134.52
2026-03-19 06:15:00,157.9
2026-03-19 06:30:00,170.86
2026-03-19 06:45:00,177.23
2026-03-19 07:00:00,191.6
2026-03-19 07:15:00,175.51
2026-03-19 07:30:00,150.21
2026-03-19 07:45:00,115.65
2026-03-19 08:00:00,179.47
2026-03-19 08:15:00,151.35
2026-03-19 08:30:00,120.19
2026-03-19 08:45:00,103.4
2026-03-19 09:00:00,121.98
2026-03-19 09:15:00,100.87
2026-03-19 09:30:00,84.16
2026-03-19 09:45:00,56.6
2026-03-19 10:00:00,99.0
2026-03-19 10:15:00,60.76
2026-03-19 10:30:00,40.05
2026-03-19 10:45:00,21.39
2026-03-19 11:00:00,20.63
2026-03-19 11:15:00,9.61
2026-03-19 11:30:00,1.22
2026-03-19 11:45:00,0.02
2026-03-19 12:00:00,0.01
2026-03-19 12:15:00,0.0
2026-03-19 12:30:00,-0.01
2026-03-19 12:45:00,0.0
2026-03-19 13:00:00,0.0
2026-03-19 13:15:00,0.0
2026-03-19 13:30:00,0.6
2026-03-19 13:45:00,9.52
2026-03-19 14:00:00,10.05
2026-03-19 14:15:00,28.44
2026-03-19 14:30:00,58.07
2026-03-19 14:45:00,78.3
2026-03-19 15:00:00,42.77
2026-03-19 15:15:00,81.75
2026-03-19 15:30:00,98.79
2026-03-19 15:45:00,120.48
2026-03-19 16:00:00,97.64
2026-03-19 16:15:00,110.13
2026-03-19 16:30:00,122.85
2026-03-19 16:45:00,150.77
2026-03-19 17:00:00,101.41
2026-03-19 17:15:00,132.96
2026-03-19 17:30:00,163.96
2026-03-19 17:45:00,210.37
2026-03-19 18:00:00,180.37
2026-03-19 18:15:00,202.3
2026-03-19 18:30:00,223.21
2026-03-19 18:45:00,231.19
2026-03-19 19:00:00,240.91
2026-03-19 19:15:00,219.48
2026-03-19 19:30:00,203.32
2026-03-19 19:45:00,193.82
2026-03-19 20:00:00,183.05
2026-03-19 20:15:00,167.86
2026-03-19 20:30:00,157.15
2026-03-19 20:45:00,145.42
2026-03-19 21:00:00,160.79
2026-03-19 21:15:00,155.74
2026-03-19 21:30:00,147.77
2026-03-19 21:45:00,131.86
2026-03-19 22:00:00,150.74
2026-03-19 22:15:00,145.68
2026-03-19 22:30:00,134.44
2026-03-19 22:45:00,127.34
2026-03-19 23:00:00,141.56
2026-03-19 23:15:00,134.05
2026-03-19 23:30:00,131.1
2026-03-19 23:45:00,122.24
2026-03-20 00:00:00,158.56
2026-03-20 00:15:00,145.41
2026-03-20 00:30:00,137.26
2026-03-20 00:45:00,133.02
2026-03-20 01:00:00,141.26
2026-03-20 01:15:00,138.09
2026-03-20 01:30:00,136.65
2026-03-20 01:45:00,135.84
2026-03-20 02:00:00,136.36
2026-03-20 02:15:00,134.98
2026-03-20 02:30:00,135.62
2026-03-20 02:45:00,135.61
2026-03-20 03:00:00,135.93
2026-03-20 03:15:00,135.23
2026-03-20 03:30:00,138.86
2026-03-20 03:45:00,139.88
2026-03-20 04:00:00,131.13
2026-03-20 04:15:00,135.76
2026-03-20 04:30:00,138.99
2026-03-20 04:45:00,149.74
2026-03-20 05:00:00,136.6
2026-03-20 05:15:00,145.37
2026-03-20 05:30:00,164.68
2026-03-20 05:45:00,171.71
2026-03-20 06:00:00,164.17
2026-03-20 06:15:00,192.76
2026-03-20 06:30:00,203.3
2026-03-20 06:45:00,208.95
2026-03-20 07:00:00,233.75
2026-03-20 07:15:00,209.73
2026-03-20 07:30:00,190.65
2026-03-20 07:45:00,156.44
2026-03-20 08:00:00,208.14
2026-03-20 08:15:00,169.05
2026-03-20 08:30:00,152.02
2026-03-20 08:45:00,116.0
2026-03-20 09:00:00,169.34
2026-03-20 09:15:00,144.39
2026-03-20 09:30:00,106.3
2026-03-20 09:45:00,108.0
2026-03-20 10:00:00,121.04
2026-03-20 10:15:00,108.0
2026-03-20 10:30:00,90.81
2026-03-20 10:45:00,84.49
2026-03-20 11:00:00,95.52
2026-03-20 11:15:00,85.13
2026-03-20 11:30:00,70.68
2026-03-20 11:45:00,62.56
2026-03-20 12:00:00,71.29
2026-03-20 12:15:00,66.52
2026-03-20 12:30:00,65.52
2026-03-20 12:45:00,59.11
2026-03-20 13:00:00,56.25
2026-03-20 13:15:00,60.0
2026-03-20 13:30:00,69.17
2026-03-20 13:45:00,77.02
2026-03-20 14:00:00,59.86
2026-03-20 14:15:00,81.14
2026-03-20 14:30:00,95.57
2026-03-20 14:45:00,113.03
2026-03-20 15:00:00,100.15
2026-03-20 15:15:00,115.0
2026-03-20 15:30:00,118.82
2026-03-20 15:45:00,134.65
2026-03-20 16:00:00,104.3
2026-03-20 16:15:00,138.99
2026-03-20 16:30:00,156.7
2026-03-20 16:45:00,178.71
2026-03-20 17:00:00,140.48
2026-03-20 17:15:00,161.61
2026-03-20 17:30:00,178.31
2026-03-20 17:45:00,218.87
2026-03-20 18:00:00,176.65
2026-03-20 18:15:00,217.13
2026-03-20 18:30:00,227.12
2026-03-20 18:45:00,223.12
2026-03-20 19:00:00,237.87
2026-03-20 19:15:00,218.01
2026-03-20 19:30:00,205.44
2026-03-20 19:45:00,187.92
2026-03-20 20:00:00,200.77
2026-03-20 20:15:00,182.99
2026-03-20 20:30:00,173.31
2026-03-20 20:45:00,163.07
2026-03-20 21:00:00,174.69
2026-03-20 21:15:00,170.7
2026-03-20 21:30:00,157.81
2026-03-20 21:45:00,149.0
2026-03-20 22:00:00,163.47
2026-03-20 22:15:00,164.09
2026-03-20 22:30:00,143.72
2026-03-20 22:45:00,136.13
2026-03-20 23:00:00,162.0
2026-03-20 23:15:00,154.86
2026-03-20 23:30:00,140.42
2026-03-20 23:45:00,135.22
2026-03-21 00:00:00,151.25
2026-03-21 00:15:00,147.36
2026-03-21 00:30:00,139.03
2026-03-21 00:45:00,131.95
2026-03-21 01:00:00,148.63
2026-03-21 01:15:00,138.88
2026-03-21 01:30:00,133.75
2026-03-21 01:45:00,132.11
2026-03-21 02:00:00,142.77
2026-03-21 02:15:00,135.49
2026-03-21 02:30:00,132.62
2026-03-21 02:45:00,133.46
2026-03-21 03:00:00,132.02
2026-03-21 03:15:00,132.04
2026-03-21 03:30:00,132.28
2026-03-21 03:45:00,131.89
2026-03-21 04:00:00,131.34
2026-03-21 04:15:00,130.59
2026-03-21 04:30:00,131.41
2026-03-21 04:45:00,131.43
2026-03-21 05:00:00,135.63
2026-03-21 05:15:00,135.67
2026-03-21 05:30:00,138.45
2026-03-21 05:45:00,140.91
2026-03-21 06:00:00,140.7
2026-03-21 06:15:00,145.47
2026-03-21 06:30:00,141.63
2026-03-21 06:45:00,141.56
2026-03-21 07:00:00,151.04
2026-03-21 07:15:00,147.99
2026-03-21 07:30:00,138.67
2026-03-21 07:45:00,120.95
2026-03-21 08:00:00,143.31
2026-03-21 08:15:00,138.04
2026-03-21 08:30:00,120.7
2026-03-21 08:45:00,107.01
2026-03-21 09:00:00,109.8
2026-03-21 09:15:00,104.0
2026-03-21 09:30:00,96.38
2026-03-21 09:45:00,92.13
2026-03-21 10:00:00,100.01
2026-03-21 10:15:00,80.74
2026-03-21 10:30:00,68.16
2026-03-21 10:45:00,56.98
2026-03-21 11:00:00,62.63
2026-03-21 11:15:00,46.78
2026-03-21 11:30:00,40.41
2026-03-21 11:45:00,33.78
2026-03-21 12:00:00,32.87
2026-03-21 12:15:00,21.08
2026-03-21 12:30:00,20.01
2026-03-21 12:45:00,20.0
2026-03-21 13:00:00,20.41
2026-03-21 13:15:00,21.91
2026-03-21 13:30:00,24.76
2026-03-21 13:45:00,30.0
2026-03-21 14:00:00,42.74
2026-03-21 14:15:00,62.0
2026-03-21 14:30:00,68.26
2026-03-21 14:45:00,78.71
2026-03-21 15:00:00,76.7
2026-03-21 15:15:00,89.04
2026-03-21 15:30:00,90.49
2026-03-21 15:45:00,103.77
2026-03-21 16:00:00,96.26
2026-03-21 16:15:00,104.19
2026-03-21 16:30:00,123.53
2026-03-21 16:45:00,138.68
2026-03-21 17:00:00,122.76
2026-03-21 17:15:00,141.09
2026-03-21 17:30:00,156.49
2026-03-21 17:45:00,163.76
2026-03-21 18:00:00,161.48
2026-03-21 18:15:00,174.38
2026-03-21 18:30:00,177.45
2026-03-21 18:45:00,173.16
2026-03-21 19:00:00,189.71
2026-03-21 19:15:00,168.19
2026-03-21 19:30:00,153.55
2026-03-21 19:45:00,140.97
2026-03-21 20:00:00,156.73
2026-03-21 20:15:00,146.0
2026-03-21 20:30:00,135.1
2026-03-21 20:45:00,129.48
2026-03-21 21:00:00,131.03
2026-03-21 21:15:00,129.57
2026-03-21 21:30:00,125.62
2026-03-21 21:45:00,121.28
2026-03-21 22:00:00,127.93
2026-03-21 22:15:00,127.49
2026-03-21 22:30:00,117.1
2026-03-21 22:45:00,108.45
2026-03-21 23:00:00,121.19
2026-03-21 23:15:00,110.34
2026-03-21 23:30:00,103.66
2026-03-21 23:45:00,96.81
2026-03-22 00:00:00,104.54
2026-03-22 00:15:00,101.8
2026-03-22 00:30:00,99.81
2026-03-22 00:45:00,95.5
2026-03-22 01:00:00,98.56
2026-03-22 01:15:00,96.75
2026-03-22 01:30:00,94.93
2026-03-22 01:45:00,92.78
2026-03-22 02:00:00,95.59
2026-03-22 02:15:00,94.2
2026-03-22 02:30:00,93.98
2026-03-22 02:45:00,93.04
2026-03-22 03:00:00,95.67
2026-03-22 03:15:00,94.69
2026-03-22 03:30:00,95.19
2026-03-22 03:45:00,95.49
2026-03-22 04:00:00,97.51
2026-03-22 04:15:00,97.75
2026-03-22 04:30:00,99.05
2026-03-22 04:45:00,100.08
2026-03-22 05:00:00,100.21
2026-03-22 05:15:00,101.87
2026-03-22 05:30:00,102.88
2026-03-22 05:45:00,101.69
2026-03-22 06:00:00,102.8
2026-03-22 06:15:00,103.81
2026-03-22 06:30:00,102.18
2026-03-22 06:45:00,91.63
2026-03-22 07:00:00,117.51
2026-03-22 07:15:00,92.91
2026-03-22 07:30:00,78.63
2026-03-22 07:45:00,49.79
2026-03-22 08:00:00,80.75
2026-03-22 08:15:00,46.2
2026-03-22 08:30:00,26.37
2026-03-22 08:45:00,12.0
2026-03-22 09:00:00,19.9
2026-03-22 09:15:00,6.86
2026-03-22 09:30:00,0.43
2026-03-22 09:45:00,-0.1
2026-03-22 10:00:00,0.0
2026-03-22 10:15:00,-0.01
2026-03-22 10:30:00,-0.62
2026-03-22 10:45:00,-1.09
2026-03-22 11:00:00,-2.46
2026-03-22 11:15:00,-3.46
2026-03-22 11:30:00,-4.9
2026-03-22 11:45:00,-6.63
2026-03-22 12:00:00,-9.97
2026-03-22 12:15:00,-11.39
2026-03-22 12:30:00,-12.37
2026-03-22 12:45:00,-13.31
2026-03-22 13:00:00,-12.68
2026-03-22 13:15:00,-11.34
2026-03-22 13:30:00,-9.91
2026-03-22 13:45:00,-7.31
2026-03-22 14:00:00,-3.38
2026-03-22 14:15:00,-2.48
2026-03-22 14:30:00,-1.9
2026-03-22 14:45:00,-0.95
2026-03-22 15:00:00,-0.26
2026-03-22 15:15:00,0.0
2026-03-22 15:30:00,11.66
2026-03-22 15:45:00,33.6
2026-03-22 16:00:00,32.76
2026-03-22 16:15:00,79.85
2026-03-22 16:30:00,108.0
2026-03-22 16:45:00,152.0
2026-03-22 17:00:00,98.63
2026-03-22 17:15:00,141.8
2026-03-22 17:30:00,159.08
2026-03-22 17:45:00,183.03
2026-03-22 18:00:00,161.04
2026-03-22 18:15:00,174.26
2026-03-22 18:30:00,176.0
2026-03-22 18:45:00,185.46
2026-03-22 19:00:00,184.46
2026-03-22 19:15:00,181.7
2026-03-22 19:30:00,168.61
2026-03-22 19:45:00,158.76
2026-03-22 20:00:00,184.13
2026-03-22 20:15:00,167.14
2026-03-22 20:30:00,159.59
2026-03-22 20:45:00,148.07
2026-03-22 21:00:00,165.21
2026-03-22 21:15:00,158.25
2026-03-22 21:30:00,150.05
2026-03-22 21:45:00,148.0
2026-03-22 22:00:00,157.37
2026-03-22 22:15:00,149.99
2026-03-22 22:30:00,141.68
2026-03-22 22:45:00,138.15
2026-03-22 23:00:00,157.79
2026-03-22 23:15:00,147.62
2026-03-22 23:30:00,136.83
2026-03-22 23:45:00,131.78
2026-03-23 00:00:00,136.18
2026-03-23 00:15:00,133.06
2026-03-23 00:30:00,128.55
2026-03-23 00:45:00,126.76
2026-03-23 01:00:00,128.59
2026-03-23 01:15:00,127.75
2026-03-23 01:30:00,124.93
2026-03-23 01:45:00,122.33
2026-03-23 02:00:00,127.33
2026-03-23 02:15:00,124.4
2026-03-23 02:30:00,124.21
2026-03-23 02:45:00,124.7
2026-03-23 03:00:00,129.06
2026-03-23 03:15:00,126.31
2026-03-23 03:30:00,127.51
2026-03-23 03:45:00,131.47
2026-03-23 04:00:00,130.88
2026-03-23 04:15:00,136.82
2026-03-23 04:30:00,141.47
2026-03-23 04:45:00,143.9
2026-03-23 05:00:00,140.08
2026-03-23 05:15:00,148.26
2026-03-23 05:30:00,164.06
2026-03-23 05:45:00,170.48
2026-03-23 06:00:00,161.88
2026-03-23 06:15:00,181.86
2026-03-23 06:30:00,193.41
2026-03-23 06:45:00,192.01
2026-03-23 07:00:00,230.64
2026-03-23 07:15:00,190.09
2026-03-23 07:30:00,181.57
2026-03-23 07:45:00,142.44
2026-03-23 08:00:00,199.99
2026-03-23 08:15:00,159.77
2026-03-23 08:30:00,129.03
2026-03-23 08:45:00,101.63
2026-03-23 09:00:00,135.21
2026-03-23 09:15:00,104.91
2026-03-23 09:30:00,109.55
2026-03-23 09:45:00,82.33
2026-03-23 10:00:00,107.37
2026-03-23 10:15:00,85.3
2026-03-23 10:30:00,76.58
2026-03-23 10:45:00,56.48
2026-03-23 11:00:00,67.13
2026-03-23 11:15:00,50.55
2026-03-23 11:30:00,38.56
2026-03-23 11:45:00,36.09
2026-03-23 12:00:00,37.61
2026-03-23 12:15:00,44.32
2026-03-23 12:30:00,51.37
2026-03-23 12:45:00,63.72
2026-03-23 13:00:00,56.68
2026-03-23 13:15:00,68.8
2026-03-23 13:30:00,83.18
2026-03-23 13:45:00,90.84
2026-03-23 14:00:00,82.5
2026-03-23 14:15:00,90.46
2026-03-23 14:30:00,99.74
2026-03-23 14:45:00,107.22
2026-03-23 15:00:00,93.1
2026-03-23 15:15:00,107.16
2026-03-23 15:30:00,118.55
2026-03-23 15:45:00,139.0
2026-03-23 16:00:00,102.21
2026-03-23 16:15:00,132.0
2026-03-23 16:30:00,149.31
2026-03-23 16:45:00,170.65
2026-03-23 17:00:00,132.0
2026-03-23 17:15:00,168.68
2026-03-23 17:30:00,195.8
2026-03-23 17:45:00,266.62
2026-03-23 18:00:00,195.99
2026-03-23 18:15:00,260.66
2026-03-23 18:30:00,285.19
2026-03-23 18:45:00,310.2
2026-03-23 19:00:00,267.95
2026-03-23 19:15:00,244.97
2026-03-23 19:30:00,235.92
2026-03-23 19:45:00,217.4
2026-03-23 20:00:00,246.6
2026-03-23 20:15:00,216.74
2026-03-23 20:30:00,187.91
2026-03-23 20:45:00,175.1
2026-03-23 21:00:00,219.55
2026-03-23 21:15:00,182.48
2026-03-23 21:30:00,158.96
2026-03-23 21:45:00,148.29
2026-03-23 22:00:00,169.0
2026-03-23 22:15:00,154.24
2026-03-23 22:30:00,151.99
2026-03-23 22:45:00,147.73
2026-03-23 23:00:00,152.95
2026-03-23 23:15:00,144.17
2026-03-23 23:30:00,138.15
2026-03-23 23:45:00,126.53
2026-03-24 00:00:00,149.0
2026-03-24 00:15:00,145.68
2026-03-24 00:30:00,136.56
2026-03-24 00:45:00,133.01
2026-03-24 01:00:00,139.06
2026-03-24 01:15:00,130.12
2026-03-24 01:30:00,116.53
2026-03-24 01:45:00,111.56
2026-03-24 02:00:00,119.26
2026-03-24 02:15:00,111.57
2026-03-24 02:30:00,106.22
2026-03-24 02:45:00,102.94
2026-03-24 03:00:00,107.08
2026-03-24 03:15:00,101.54
2026-03-24 03:30:00,99.36
2026-03-24 03:45:00,98.58
2026-03-24 04:00:00,100.46
2026-03-24 04:15:00,99.17
2026-03-24 04:30:00,101.56
2026-03-24 04:45:00,100.31
2026-03-24 05:00:00,98.22
2026-03-24 05:15:00,97.0
2026-03-24 05:30:00,99.03
2026-03-24 05:45:00,109.64
2026-03-24 06:00:00,107.08
2026-03-24 06:15:00,111.3
2026-03-24 06:30:00,113.57
2026-03-24 06:45:00,111.32
2026-03-24 07:00:00,134.1
2026-03-24 07:15:00,120.44
2026-03-24 07:30:00,106.58
2026-03-24 07:45:00,91.07
2026-03-24 08:00:00,132.08
2026-03-24 08:15:00,103.46
2026-03-24 08:30:00,89.9
2026-03-24 08:45:00,64.39
2026-03-24 09:00:00,99.55
2026-03-24 09:15:00,80.22
2026-03-24 09:30:00,64.72
2026-03-24 09:45:00,39.13
2026-03-24 10:00:00,57.64
2026-03-24 10:15:00,23.32
2026-03-24 10:30:00,10.04
2026-03-24 10:45:00,3.91
2026-03-24 11:00:00,4.5
2026-03-24 11:15:00,0.3
2026-03-24 11:30:00,-0.01
2026-03-24 11:45:00,-0.01
2026-03-24 12:00:00,0.0
2026-03-24 12:15:00,-0.01
2026-03-24 12:30:00,-0.01
2026-03-24 12:45:00,-0.02
2026-03-24 13:00:00,-0.04
2026-03-24 13:15:00,-0.02
2026-03-24 13:30:00,-0.01
2026-03-24 13:45:00,-0.01
2026-03-24 14:00:00,-0.02
2026-03-24 14:15:00,-0.01
2026-03-24 14:30:00,0.0
2026-03-24 14:45:00,0.02
2026-03-24 15:00:00,1.04
2026-03-24 15:15:00,7.77
2026-03-24 15:30:00,14.97
2026-03-24 15:45:00,56.21
2026-03-24 16:00:00,33.93
2026-03-24 16:15:00,66.79
2026-03-24 16:30:00,101.01
2026-03-24 16:45:00,108.0
2026-03-24 17:00:00,91.31
2026-03-24 17:15:00,101.01
2026-03-24 17:30:00,118.7
2026-03-24 17:45:00,140.34
2026-03-24 18:00:00,130.0
2026-03-24 18:15:00,141.0
2026-03-24 18:30:00,131.36
2026-03-24 18:45:00,141.01
2026-03-24 19:00:00,147.99
2026-03-24 19:15:00,131.68
2026-03-24 19:30:00,139.6
2026-03-24 19:45:00,132.7
2026-03-24 20:00:00,129.08
2026-03-24 20:15:00,106.47
2026-03-24 20:30:00,90.82
2026-03-24 20:45:00,78.03
2026-03-24 21:00:00,91.98
2026-03-24 21:15:00,86.04
2026-03-24 21:30:00,68.61
2026-03-24 21:45:00,51.36
2026-03-24 22:00:00,86.66
2026-03-24 22:15:00,78.15
2026-03-24 22:30:00,64.34
2026-03-24 22:45:00,35.26
2026-03-24 23:00:00,45.54
2026-03-24 23:15:00,17.51
2026-03-24 23:30:00,16.59
2026-03-24 23:45:00,8.75
2026-03-25 00:00:00,3.0
2026-03-25 00:15:00,2.4
2026-03-25 00:30:00,1.78
2026-03-25 00:45:00,0.06
2026-03-25 01:00:00,1.36
2026-03-25 01:15:00,0.1
2026-03-25 01:30:00,0.01
2026-03-25 01:45:00,0.0
2026-03-25 02:00:00,0.0
2026-03-25 02:15:00,0.0
2026-03-25 02:30:00,0.0
2026-03-25 02:45:00,-0.01
2026-03-25 03:00:00,-0.01
2026-03-25 03:15:00,-0.01
2026-03-25 03:30:00,-0.01
2026-03-25 03:45:00,-0.01
2026-03-25 04:00:00,-0.01
2026-03-25 04:15:00,-0.01
2026-03-25 04:30:00,0.0
2026-03-25 04:45:00,0.0
2026-03-25 05:00:00,0.0
2026-03-25 05:15:00,0.0
2026-03-25 05:30:00,0.1
2026-03-25 05:45:00,1.36
2026-03-25 06:00:00,2.45
2026-03-25 06:15:00,2.81
2026-03-25 06:30:00,4.8
2026-03-25 06:45:00,4.51
2026-03-25 07:00:00,11.87
2026-03-25 07:15:00,10.0
2026-03-25 07:30:00,9.61
2026-03-25 07:45:00,4.13
2026-03-25 08:00:00,3.61
2026-03-25 08:15:00,0.02
2026-03-25 08:30:00,0.0
2026-03-25 08:45:00,0.0
2026-03-25 09:00:00,0.0
2026-03-25 09:15:00,-0.01
2026-03-25 09:30:00,-0.04
2026-03-25 09:45:00,-0.07
2026-03-25 10:00:00,-0.01
2026-03-25 10:15:00,-0.02
2026-03-25 10:30:00,-0.04
2026-03-25 10:45:00,-0.04
2026-03-25 11:00:00,-0.01
2026-03-25 11:15:00,-0.01
2026-03-25 11:30:00,-0.01
2026-03-25 11:45:00,-0.01
2026-03-25 12:00:00,-0.01
2026-03-25 12:15:00,-0.01
2026-03-25 12:30:00,-0.01
2026-03-25 12:45:00,-0.01
2026-03-25 13:00:00,-0.01
2026-03-25 13:15:00,-0.01
2026-03-25 13:30:00,-0.01
2026-03-25 13:45:00,-0.01
2026-03-25 14:00:00,-0.01
2026-03-25 14:15:00,0.0
2026-03-25 14:30:00,0.0
2026-03-25 14:45:00,0.04
2026-03-25 15:00:00,0.1
2026-03-25 15:15:00,3.18
2026-03-25 15:30:00,5.75
2026-03-25 15:45:00,10.07
2026-03-25 16:00:00,10.07
2026-03-25 16:15:00,20.08
2026-03-25 16:30:00,50.02
2026-03-25 16:45:00,87.44
2026-03-25 17:00:00,71.41
2026-03-25 17:15:00,92.94
2026-03-25 17:30:00,108.41
2026-03-25 17:45:00,122.59
2026-03-25 18:00:00,110.82
2026-03-25 18:15:00,115.81
2026-03-25 18:30:00,142.62
2026-03-25 18:45:00,170.07
2026-03-25 19:00:00,175.34
2026-03-25 19:15:00,167.29
2026-03-25 19:30:00,153.72
2026-03-25 19:45:00,151.35
2026-03-25 20:00:00,152.67
2026-03-25 20:15:00,142.92
2026-03-25 20:30:00,127.72
2026-03-25 20:45:00,116.32
2026-03-25 21:00:00,122.58
2026-03-25 21:15:00,120.02
2026-03-25 21:30:00,112.23
2026-03-25 21:45:00,103.01
2026-03-25 22:00:00,112.03
2026-03-25 22:15:00,110.89
2026-03-25 22:30:00,110.17
2026-03-25 22:45:00,99.31
2026-03-25 23:00:00,102.92
2026-03-25 23:15:00,88.67
2026-03-25 23:30:00,87.65
2026-03-25 23:45:00,75.97
2026-03-26 00:00:00,106.8
2026-03-26 00:15:00,101.25
2026-03-26 00:30:00,96.99
2026-03-26 00:45:00,93.51
2026-03-26 01:00:00,99.66
2026-03-26 01:15:00,96.53
2026-03-26 01:30:00,92.88
2026-03-26 01:45:00,91.22
2026-03-26 02:00:00,92.75
2026-03-26 02:15:00,90.57
2026-03-26 02:30:00,90.96
2026-03-26 02:45:00,92.14
2026-03-26 03:00:00,94.14
2026-03-26 03:15:00,91.67
2026-03-26 03:30:00,97.25
2026-03-26 03:45:00,96.42
2026-03-26 04:00:00,95.49
2026-03-26 04:15:00,96.66
2026-03-26 04:30:00,97.76
2026-03-26 04:45:00,100.4
2026-03-26 05:00:00,98.0
2026-03-26 05:15:00,97.47
2026-03-26 05:30:00,110.21
2026-03-26 05:45:00,115.39
2026-03-26 06:00:00,103.93
2026-03-26 06:15:00,122.7
2026-03-26 06:30:00,127.58
2026-03-26 06:45:00,126.91
2026-03-26 07:00:00,145.31
2026-03-26 07:15:00,148.09
2026-03-26 07:30:00,133.93
2026-03-26 07:45:00,122.05
2026-03-26 08:00:00,151.2
2026-03-26 08:15:00,139.45
2026-03-26 08:30:00,116.64
2026-03-26 08:45:00,95.87
2026-03-26 09:00:00,112.05
2026-03-26 09:15:00,89.31
2026-03-26 09:30:00,77.75
2026-03-26 09:45:00,70.55
2026-03-26 10:00:00,79.08
2026-03-26 10:15:00,49.56
2026-03-26 10:30:00,23.78
2026-03-26 10:45:00,14.99
2026-03-26 11:00:00,20.07
2026-03-26 11:15:00,15.0
2026-03-26 11:30:00,10.06
2026-03-26 11:45:00,9.83
2026-03-26 12:00:00,6.62
2026-03-26 12:15:00,4.62
2026-03-26 12:30:00,1.09
2026-03-26 12:45:00,0.15
2026-03-26 13:00:00,1.12
2026-03-26 13:15:00,0.2
2026-03-26 13:30:00,0.14
2026-03-26 13:45:00,1.06
2026-03-26 14:00:00,0.22
2026-03-26 14:15:00,2.51
2026-03-26 14:30:00,8.79
2026-03-26 14:45:00,12.09
2026-03-26 15:00:00,10.0
2026-03-26 15:15:00,20.07
2026-03-26 15:30:00,40.02
2026-03-26 15:45:00,79.65
2026-03-26 16:00:00,38.68
2026-03-26 16:15:00,73.68
2026-03-26 16:30:00,80.07
2026-03-26 16:45:00,110.84
2026-03-26 17:00:00,76.86
2026-03-26 17:15:00,109.09
2026-03-26 17:30:00,128.18
2026-03-26 17:45:00,149.56
2026-03-26 18:00:00,131.44
2026-03-26 18:15:00,147.25
2026-03-26 18:30:00,160.79
2026-03-26 18:45:00,182.19
2026-03-26 19:00:00,164.47
2026-03-26 19:15:00,168.01
2026-03-26 19:30:00,169.7
2026-03-26 19:45:00,166.7
2026-03-26 20:00:00,171.0
2026-03-26 20:15:00,155.66
2026-03-26 20:30:00,147.76
2026-03-26 20:45:00,140.56
2026-03-26 21:00:00,146.93
2026-03-26 21:15:00,132.95
2026-03-26 21:30:00,123.82
2026-03-26 21:45:00,118.32
2026-03-26 22:00:00,131.07
2026-03-26 22:15:00,121.51
2026-03-26 22:30:00,124.14
2026-03-26 22:45:00,120.77
2026-03-26 23:00:00,123.77
2026-03-26 23:15:00,114.06
2026-03-26 23:30:00,115.94
2026-03-26 23:45:00,106.33
2026-03-27 00:00:00,124.51
2026-03-27 00:15:00,120.29
2026-03-27 00:30:00,117.14
2026-03-27 00:45:00,115.63
2026-03-27 01:00:00,122.15
2026-03-27 01:15:00,119.4
2026-03-27 01:30:00,119.33
2026-03-27 01:45:00,117.12
2026-03-27 02:00:00,120.92
2026-03-27 02:15:00,118.14
2026-03-27 02:30:00,115.3
2026-03-27 02:45:00,115.01
2026-03-27 03:00:00,116.5
2026-03-27 03:15:00,119.49
2026-03-27 03:30:00,117.0
2026-03-27 03:45:00,118.34
2026-03-27 04:00:00,117.67
2026-03-27 04:15:00,118.73
2026-03-27 04:30:00,120.93
2026-03-27 04:45:00,123.66
2026-03-27 05:00:00,119.8
2026-03-27 05:15:00,129.0
2026-03-27 05:30:00,143.99
2026-03-27 05:45:00,153.06
2026-03-27 06:00:00,152.2
2026-03-27 06:15:00,168.99
2026-03-27 06:30:00,179.1
2026-03-27 06:45:00,190.23
2026-03-27 07:00:00,203.74
2026-03-27 07:15:00,191.36
2026-03-27 07:30:00,170.92
2026-03-27 07:45:00,139.56
2026-03-27 08:00:00,194.19
2026-03-27 08:15:00,151.4
2026-03-27 08:30:00,136.77
2026-03-27 08:45:00,107.87
2026-03-27 09:00:00,136.41
2026-03-27 09:15:00,122.21
2026-03-27 09:30:00,109.38
2026-03-27 09:45:00,88.01
2026-03-27 10:00:00,101.21
2026-03-27 10:15:00,90.13
2026-03-27 10:30:00,86.53
2026-03-27 10:45:00,71.17
2026-03-27 11:00:00,85.31
2026-03-27 11:15:00,77.93
2026-03-27 11:30:00,68.83
2026-03-27 11:45:00,59.17
2026-03-27 12:00:00,70.74
2026-03-27 12:15:00,64.99
2026-03-27 12:30:00,61.01
2026-03-27 12:45:00,56.54
2026-03-27 13:00:00,61.21
2026-03-27 13:15:00,59.19
2026-03-27 13:30:00,57.9
2026-03-27 13:45:00,60.1
2026-03-27 14:00:00,58.27
2026-03-27 14:15:00,67.62
2026-03-27 14:30:00,82.3
2026-03-27 14:45:00,88.11
2026-03-27 15:00:00,78.83
2026-03-27 15:15:00,91.99
2026-03-27 15:30:00,95.32
2026-03-27 15:45:00,103.15
2026-03-27 16:00:00,90.64
2026-03-27 16:15:00,100.02
2026-03-27 16:30:00,100.98
2026-03-27 16:45:00,120.69
2026-03-27 17:00:00,105.61
2026-03-27 17:15:00,130.77
2026-03-27 17:30:00,146.59
2026-03-27 17:45:00,173.23
2026-03-27 18:00:00,145.81
2026-03-27 18:15:00,159.0
2026-03-27 18:30:00,163.46
2026-03-27 18:45:00,167.46
2026-03-27 19:00:00,192.98
2026-03-27 19:15:00,177.61
2026-03-27 19:30:00,158.25
2026-03-27 19:45:00,144.14
2026-03-27 20:00:00,174.9
2026-03-27 20:15:00,150.14
2026-03-27 20:30:00,127.52
2026-03-27 20:45:00,119.0
2026-03-27 21:00:00,124.13
2026-03-27 21:15:00,122.5
2026-03-27 21:30:00,119.78
2026-03-27 21:45:00,109.57
2026-03-27 22:00:00,123.1
2026-03-27 22:15:00,117.9
2026-03-27 22:30:00,117.59
2026-03-27 22:45:00,108.05
2026-03-27 23:00:00,113.65
2026-03-27 23:15:00,106.89
2026-03-27 23:30:00,105.25
2026-03-27 23:45:00,98.26
2026-03-28 00:00:00,97.61
2026-03-28 00:15:00,99.04
2026-03-28 00:30:00,94.25
2026-03-28 00:45:00,89.64
2026-03-28 01:00:00,96.0
2026-03-28 01:15:00,93.3
2026-03-28 01:30:00,91.64
2026-03-28 01:45:00,89.72
2026-03-28 02:00:00,92.09
2026-03-28 02:15:00,89.74
2026-03-28 02:30:00,88.6
2026-03-28 02:45:00,87.76
2026-03-28 03:00:00,87.56
2026-03-28 03:15:00,87.43
2026-03-28 03:30:00,87.11
2026-03-28 03:45:00,86.95
2026-03-28 04:00:00,87.53
2026-03-28 04:15:00,87.94
2026-03-28 04:30:00,88.18
2026-03-28 04:45:00,88.82
2026-03-28 05:00:00,88.53
2026-03-28 05:15:00,89.95
2026-03-28 05:30:00,92.85
2026-03-28 05:45:00,95.12
2026-03-28 06:00:00,91.02
2026-03-28 06:15:00,90.74
2026-03-28 06:30:00,87.99
2026-03-28 06:45:00,81.93
2026-03-28 07:00:00,89.16
2026-03-28 07:15:00,80.24
2026-03-28 07:30:00,79.12
2026-03-28 07:45:00,68.22
2026-03-28 08:00:00,80.69
2026-03-28 08:15:00,75.52
2026-03-28 08:30:00,67.46
2026-03-28 08:45:00,49.53
2026-03-28 09:00:00,76.16
2026-03-28 09:15:00,49.19
2026-03-28 09:30:00,40.89
2026-03-28 09:45:00,13.39
2026-03-28 10:00:00,36.94
2026-03-28 10:15:00,16.79
2026-03-28 10:30:00,9.9
2026-03-28 10:45:00,6.7
2026-03-28 11:00:00,9.05
2026-03-28 11:15:00,8.04
2026-03-28 11:30:00,7.13
2026-03-28 11:45:00,6.35
2026-03-28 12:00:00,7.0
2026-03-28 12:15:00,4.92
2026-03-28 12:30:00,6.43
2026-03-28 12:45:00,8.43
2026-03-28 13:00:00,6.4
2026-03-28 13:15:00,6.7
2026-03-28 13:30:00,8.52
2026-03-28 13:45:00,9.77
2026-03-28 14:00:00,7.97
2026-03-28 14:15:00,10.0
2026-03-28 14:30:00,25.04
2026-03-28 14:45:00,38.89
2026-03-28 15:00:00,24.04
2026-03-28 15:15:00,45.0
2026-03-28 15:30:00,63.58
2026-03-28 15:45:00,84.35
2026-03-28 16:00:00,60.35
2026-03-28 16:15:00,74.12
2026-03-28 16:30:00,88.4
2026-03-28 16:45:00,101.34
2026-03-28 17:00:00,89.44
2026-03-28 17:15:00,99.89
2026-03-28 17:30:00,122.31
2026-03-28 17:45:00,129.72
2026-03-28 18:00:00,124.42
2026-03-28 18:15:00,134.6
2026-03-28 18:30:00,141.35
2026-03-28 18:45:00,155.33
2026-03-28 19:00:00,158.0
2026-03-28 19:15:00,156.34
2026-03-28 19:30:00,154.96
2026-03-28 19:45:00,146.98
2026-03-28 20:00:00,161.79
2026-03-28 20:15:00,148.9
2026-03-28 20:30:00,137.35
2026-03-28 20:45:00,127.77
2026-03-28 21:00:00,141.14
2026-03-28 21:15:00,132.19
2026-03-28 21:30:00,128.26
2026-03-28 21:45:00,124.79
2026-03-28 22:00:00,127.51
2026-03-28 22:15:00,126.87
2026-03-28 22:30:00,126.01
2026-03-28 22:45:00,120.93
2026-03-28 23:00:00,130.0
2026-03-28 23:15:00,118.05
2026-03-28 23:30:00,120.92
2026-03-28 23:45:00,109.35
2026-03-29 00:00:00,125.88
2026-03-29 00:15:00,120.23
2026-03-29 00:30:00,108.28
2026-03-29 00:45:00,103.85
2026-03-29 01:00:00,112.05
2026-03-29 01:15:00,107.51
2026-03-29 01:30:00,107.01
2026-03-29 03:15:00,100.26
2026-03-29 03:30:00,101.18
2026-03-29 03:45:00,101.11
2026-03-29 04:00:00,109.41
2026-03-29 04:15:00,103.35
2026-03-29 04:30:00,104.32
2026-03-29 04:45:00,103.82
2026-03-29 05:00:00,103.57
2026-03-29 05:15:00,103.68
2026-03-29 05:30:00,105.24
2026-03-29 05:45:00,105.93
2026-03-29 06:00:00,102.33
2026-03-29 06:15:00,105.3
2026-03-29 06:30:00,113.59
2026-03-29 06:45:00,117.8
2026-03-29 07:00:00,119.67
2026-03-29 07:15:00,115.24
2026-03-29 07:30:00,113.0
2026-03-29 07:45:00,112.21
2026-03-29 08:00:00,122.47
2026-03-29 08:15:00,125.0
2026-03-29 08:30:00,108.99
2026-03-29 08:45:00,102.91
2026-03-29 09:00:00,112.24
2026-03-29 09:15:00,94.82
2026-03-29 09:30:00,89.06
2026-03-29 09:45:00,81.47
2026-03-29 10:00:00,97.96
2026-03-29 10:15:00,83.91
2026-03-29 10:30:00,70.55
2026-03-29 10:45:00,46.81
2026-03-29 11:00:00,70.6
2026-03-29 11:15:00,55.29
2026-03-29 11:30:00,42.91
2026-03-29 11:45:00,9.99
2026-03-29 12:00:00,26.23
2026-03-29 12:15:00,7.78
2026-03-29 12:30:00,4.69
2026-03-29 12:45:00,0.22
2026-03-29 13:00:00,1.09
2026-03-29 13:15:00,0.0
2026-03-29 13:30:00,-0.06
2026-03-29 13:45:00,-1.05
2026-03-29 14:00:00,-1.01
2026-03-29 14:15:00,-1.21
2026-03-29 14:30:00,-2.11
2026-03-29 14:45:00,-2.81
2026-03-29 15:00:00,-2.02
2026-03-29 15:15:00,-2.4
2026-03-29 15:30:00,-2.07
2026-03-29 15:45:00,-1.91
2026-03-29 16:00:00,-0.08
2026-03-29 16:15:00,0.0
2026-03-29 16:30:00,0.0
2026-03-29 16:45:00,3.57
2026-03-29 17:00:00,2.5
2026-03-29 17:15:00,14.41
2026-03-29 17:30:00,34.25
2026-03-29 17:45:00,82.08
2026-03-29 18:00:00,58.05
2026-03-29 18:15:00,80.91
2026-03-29 18:30:00,97.98
2026-03-29 18:45:00,120.1
2026-03-29 19:00:00,99.24
2026-03-29 19:15:00,108.84
2026-03-29 19:30:00,108.62
2026-03-29 19:45:00,106.01
2026-03-29 20:00:00,119.71
2026-03-29 20:15:00,107.91
2026-03-29 20:30:00,81.18
2026-03-29 20:45:00,71.92
2026-03-29 21:00:00,96.33
2026-03-29 21:15:00,85.31
2026-03-29 21:30:00,63.92
2026-03-29 21:45:00,53.69
2026-03-29 22:00:00,96.59
2026-03-29 22:15:00,77.99
2026-03-29 22:30:00,62.23
2026-03-29 22:45:00,30.59
2026-03-29 23:00:00,55.19
2026-03-29 23:15:00,24.8
2026-03-29 23:30:00,17.59
2026-03-29 23:45:00,4.96
